exec_ts,product_delivery,side,qty_mw,price
2025-01-09 22:30:00+00:00,2025-01-10 03:00:00+00:00,BUY,10.0,59.39
2025-01-09 23:30:00+00:00,2025-01-10 04:00:00+00:00,BUY,10.0,64.65
2025-01-10 00:30:00+00:00,2025-01-10 05:00:00+00:00,BUY,10.0,76.48
2025-01-10 01:30:00+00:00,2025-01-10 06:00:00+00:00,BUY,10.0,111.62
2025-01-10 02:15:00+00:00,2025-01-10 03:00:00+00:00,SELL,10.0,51.17
2025-01-10 02:30:00+00:00,2025-01-10 07:00:00+00:00,BUY,10.0,106.88
2025-01-10 03:15:00+00:00,2025-01-10 04:00:00+00:00,SELL,10.0,58.48
2025-01-10 03:30:00+00:00,2025-01-10 08:00:00+00:00,BUY,10.0,73.8
2025-01-10 04:15:00+00:00,2025-01-10 05:00:00+00:00,SELL,10.0,-16.19
2025-01-10 04:30:00+00:00,2025-01-10 09:00:00+00:00,BUY,10.0,81.99
2025-01-10 05:15:00+00:00,2025-01-10 06:00:00+00:00,SELL,10.0,102.98
2025-01-10 05:30:00+00:00,2025-01-10 10:00:00+00:00,BUY,10.0,186.7
2025-01-10 06:15:00+00:00,2025-01-10 07:00:00+00:00,SELL,10.0,107.98
2025-01-10 06:30:00+00:00,2025-01-10 11:00:00+00:00,BUY,10.0,54.31
2025-01-10 07:15:00+00:00,2025-01-10 08:00:00+00:00,SELL,10.0,117.62
2025-01-10 07:30:00+00:00,2025-01-10 12:00:00+00:00,BUY,10.0,97.92
2025-01-10 08:15:00+00:00,2025-01-10 09:00:00+00:00,SELL,10.0,73.64
2025-01-10 08:30:00+00:00,2025-01-10 13:00:00+00:00,BUY,10.0,17.78
2025-01-10 09:15:00+00:00,2025-01-10 10:00:00+00:00,SELL,10.0,154.71
2025-01-10 09:30:00+00:00,2025-01-10 14:00:00+00:00,BUY,10.0,146.37
2025-01-10 10:15:00+00:00,2025-01-10 11:00:00+00:00,SELL,10.0,44.13
2025-01-10 10:30:00+00:00,2025-01-10 15:00:00+00:00,BUY,10.0,51.95
2025-01-10 11:15:00+00:00,2025-01-10 12:00:00+00:00,SELL,10.0,148.9
2025-01-10 11:30:00+00:00,2025-01-10 16:00:00+00:00,BUY,10.0,155.4
2025-01-10 12:15:00+00:00,2025-01-10 13:00:00+00:00,SELL,10.0,10.85
2025-01-10 12:30:00+00:00,2025-01-10 17:00:00+00:00,BUY,10.0,66.7
2025-01-10 13:15:00+00:00,2025-01-10 14:00:00+00:00,SELL,10.0,137.99
2025-01-10 13:30:00+00:00,2025-01-10 18:00:00+00:00,BUY,10.0,88.62
2025-01-10 14:15:00+00:00,2025-01-10 15:00:00+00:00,SELL,10.0,43.65
2025-01-10 14:30:00+00:00,2025-01-10 19:00:00+00:00,BUY,10.0,68.43
2025-01-10 15:15:00+00:00,2025-01-10 16:00:00+00:00,SELL,10.0,138.94
2025-01-10 15:30:00+00:00,2025-01-10 20:00:00+00:00,BUY,10.0,67.5
2025-01-10 16:15:00+00:00,2025-01-10 17:00:00+00:00,SELL,10.0,65.54
2025-01-10 16:30:00+00:00,2025-01-10 21:00:00+00:00,BUY,10.0,58.98
2025-01-10 17:15:00+00:00,2025-01-10 18:00:00+00:00,SELL,10.0,82.57
2025-01-10 18:15:00+00:00,2025-01-10 19:00:00+00:00,SELL,10.0,138.93
2025-01-10 19:15:00+00:00,2025-01-10 20:00:00+00:00,SELL,10.0,177.4
2025-01-10 20:15:00+00:00,2025-01-10 21:00:00+00:00,SELL,10.0,52.7
2025-01-11 00:30:00+00:00,2025-01-11 05:00:00+00:00,BUY,10.0,85.73
2025-01-11 01:30:00+00:00,2025-01-11 06:00:00+00:00,BUY,10.0,53.44
2025-01-11 02:30:00+00:00,2025-01-11 07:00:00+00:00,BUY,10.0,28.82
2025-01-11 03:30:00+00:00,2025-01-11 08:00:00+00:00,BUY,10.0,73.58
2025-01-11 04:15:00+00:00,2025-01-11 05:00:00+00:00,SELL,10.0,77.32
2025-01-11 04:30:00+00:00,2025-01-11 09:00:00+00:00,BUY,10.0,79.33
2025-01-11 05:15:00+00:00,2025-01-11 06:00:00+00:00,SELL,10.0,77.22
2025-01-11 05:30:00+00:00,2025-01-11 10:00:00+00:00,BUY,10.0,65.31
2025-01-11 06:15:00+00:00,2025-01-11 07:00:00+00:00,SELL,10.0,29.51
2025-01-11 06:30:00+00:00,2025-01-11 11:00:00+00:00,BUY,10.0,64.49
2025-01-11 07:15:00+00:00,2025-01-11 08:00:00+00:00,SELL,10.0,72.4
2025-01-11 08:15:00+00:00,2025-01-11 09:00:00+00:00,SELL,10.0,76.55
2025-01-11 09:15:00+00:00,2025-01-11 10:00:00+00:00,SELL,10.0,62.8
2025-01-11 10:15:00+00:00,2025-01-11 11:00:00+00:00,SELL,10.0,66.02
2025-01-11 11:30:00+00:00,2025-01-11 16:00:00+00:00,BUY,10.0,66.33
2025-01-11 12:30:00+00:00,2025-01-11 17:00:00+00:00,BUY,10.0,74.49
2025-01-11 13:30:00+00:00,2025-01-11 18:00:00+00:00,BUY,10.0,67.76
2025-01-11 14:30:00+00:00,2025-01-11 19:00:00+00:00,BUY,10.0,56.07
2025-01-11 15:15:00+00:00,2025-01-11 16:00:00+00:00,SELL,10.0,69.9
2025-01-11 15:30:00+00:00,2025-01-11 20:00:00+00:00,BUY,10.0,74.31
2025-01-11 16:15:00+00:00,2025-01-11 17:00:00+00:00,SELL,10.0,70.8
2025-01-11 16:30:00+00:00,2025-01-11 21:00:00+00:00,BUY,10.0,55.37
2025-01-11 17:15:00+00:00,2025-01-11 18:00:00+00:00,SELL,10.0,70.53
2025-01-11 18:15:00+00:00,2025-01-11 19:00:00+00:00,SELL,10.0,126.36
2025-01-11 19:15:00+00:00,2025-01-11 20:00:00+00:00,SELL,10.0,74.18
2025-01-11 20:15:00+00:00,2025-01-11 21:00:00+00:00,SELL,10.0,50.67
2025-01-12 04:30:00+00:00,2025-01-12 09:00:00+00:00,BUY,10.0,122.51
2025-01-12 08:15:00+00:00,2025-01-12 09:00:00+00:00,SELL,10.0,104.9
2025-01-12 13:30:00+00:00,2025-01-12 18:00:00+00:00,BUY,10.0,290.8
2025-01-12 17:15:00+00:00,2025-01-12 18:00:00+00:00,SELL,10.0,242.24
2025-01-15 20:30:00+00:00,2025-01-16 01:00:00+00:00,BUY,10.0,41.58
2025-01-15 22:30:00+00:00,2025-01-16 03:00:00+00:00,BUY,10.0,85.41
2025-01-15 23:30:00+00:00,2025-01-16 04:00:00+00:00,BUY,10.0,43.43
2025-01-16 00:15:00+00:00,2025-01-16 01:00:00+00:00,SELL,10.0,39.32
2025-01-16 00:30:00+00:00,2025-01-16 05:00:00+00:00,BUY,10.0,50.13
2025-01-16 01:30:00+00:00,2025-01-16 06:00:00+00:00,BUY,10.0,59.58
2025-01-16 02:15:00+00:00,2025-01-16 03:00:00+00:00,SELL,10.0,170.7
2025-01-16 02:30:00+00:00,2025-01-16 07:00:00+00:00,BUY,10.0,59.25
2025-01-16 03:15:00+00:00,2025-01-16 04:00:00+00:00,SELL,10.0,42.07
2025-01-16 03:30:00+00:00,2025-01-16 08:00:00+00:00,BUY,10.0,84.88
2025-01-16 04:15:00+00:00,2025-01-16 05:00:00+00:00,SELL,10.0,47.4
2025-01-16 04:30:00+00:00,2025-01-16 09:00:00+00:00,BUY,10.0,67.34
2025-01-16 05:15:00+00:00,2025-01-16 06:00:00+00:00,SELL,10.0,55.12
2025-01-16 05:30:00+00:00,2025-01-16 10:00:00+00:00,BUY,10.0,140.37
2025-01-16 06:15:00+00:00,2025-01-16 07:00:00+00:00,SELL,10.0,125.82
2025-01-16 06:30:00+00:00,2025-01-16 11:00:00+00:00,BUY,10.0,-26.77
2025-01-16 07:15:00+00:00,2025-01-16 08:00:00+00:00,SELL,10.0,182.75
2025-01-16 07:30:00+00:00,2025-01-16 12:00:00+00:00,BUY,10.0,45.88
2025-01-16 08:15:00+00:00,2025-01-16 09:00:00+00:00,SELL,10.0,60.29
2025-01-16 08:30:00+00:00,2025-01-16 13:00:00+00:00,BUY,10.0,43.82
2025-01-16 09:15:00+00:00,2025-01-16 10:00:00+00:00,SELL,10.0,135.63
2025-01-16 09:30:00+00:00,2025-01-16 14:00:00+00:00,BUY,10.0,89.92
2025-01-16 10:15:00+00:00,2025-01-16 11:00:00+00:00,SELL,10.0,33.49
2025-01-16 10:30:00+00:00,2025-01-16 15:00:00+00:00,BUY,10.0,49.1
2025-01-16 11:15:00+00:00,2025-01-16 12:00:00+00:00,SELL,10.0,44.23
2025-01-16 11:30:00+00:00,2025-01-16 16:00:00+00:00,BUY,10.0,53.57
2025-01-16 12:15:00+00:00,2025-01-16 13:00:00+00:00,SELL,10.0,40.56
2025-01-16 12:30:00+00:00,2025-01-16 17:00:00+00:00,BUY,10.0,62.13
2025-01-16 13:15:00+00:00,2025-01-16 14:00:00+00:00,SELL,10.0,85.64
2025-01-16 13:30:00+00:00,2025-01-16 18:00:00+00:00,BUY,10.0,-19.47
2025-01-16 14:15:00+00:00,2025-01-16 15:00:00+00:00,SELL,10.0,45.54
2025-01-16 14:30:00+00:00,2025-01-16 19:00:00+00:00,BUY,10.0,52.29
2025-01-16 15:15:00+00:00,2025-01-16 16:00:00+00:00,SELL,10.0,48.91
2025-01-16 15:30:00+00:00,2025-01-16 20:00:00+00:00,BUY,10.0,44.08
2025-01-16 16:15:00+00:00,2025-01-16 17:00:00+00:00,SELL,10.0,55.57
2025-01-16 16:30:00+00:00,2025-01-16 21:00:00+00:00,BUY,10.0,116.33
2025-01-16 17:15:00+00:00,2025-01-16 18:00:00+00:00,SELL,10.0,-20.74
2025-01-16 17:30:00+00:00,2025-01-16 22:00:00+00:00,BUY,10.0,41.53
2025-01-16 18:15:00+00:00,2025-01-16 19:00:00+00:00,SELL,10.0,46.46
2025-01-16 19:15:00+00:00,2025-01-16 20:00:00+00:00,SELL,10.0,41.53
2025-01-16 20:15:00+00:00,2025-01-16 21:00:00+00:00,SELL,10.0,116.21
2025-01-16 21:15:00+00:00,2025-01-16 22:00:00+00:00,SELL,10.0,38.82
2025-01-17 20:30:00+00:00,2025-01-18 01:00:00+00:00,BUY,10.0,97.29
2025-01-17 21:30:00+00:00,2025-01-18 02:00:00+00:00,BUY,10.0,61.24
2025-01-17 23:30:00+00:00,2025-01-18 04:00:00+00:00,BUY,10.0,59.79
2025-01-18 00:15:00+00:00,2025-01-18 01:00:00+00:00,SELL,10.0,96.77
2025-01-18 00:30:00+00:00,2025-01-18 05:00:00+00:00,BUY,10.0,61.89
2025-01-18 01:15:00+00:00,2025-01-18 02:00:00+00:00,SELL,10.0,60.08
2025-01-18 01:30:00+00:00,2025-01-18 06:00:00+00:00,BUY,10.0,102.17
2025-01-18 02:30:00+00:00,2025-01-18 07:00:00+00:00,BUY,10.0,99.8
2025-01-18 03:15:00+00:00,2025-01-18 04:00:00+00:00,SELL,10.0,56.63
2025-01-18 03:30:00+00:00,2025-01-18 08:00:00+00:00,BUY,10.0,112.65
2025-01-18 04:15:00+00:00,2025-01-18 05:00:00+00:00,SELL,10.0,55.88
2025-01-18 04:30:00+00:00,2025-01-18 09:00:00+00:00,BUY,10.0,76.9
2025-01-18 05:15:00+00:00,2025-01-18 06:00:00+00:00,SELL,10.0,89.84
2025-01-18 05:30:00+00:00,2025-01-18 10:00:00+00:00,BUY,10.0,86.42
2025-01-18 06:15:00+00:00,2025-01-18 07:00:00+00:00,SELL,10.0,151.81
2025-01-18 06:30:00+00:00,2025-01-18 11:00:00+00:00,BUY,10.0,88.0
2025-01-18 07:15:00+00:00,2025-01-18 08:00:00+00:00,SELL,10.0,112.93
2025-01-18 07:30:00+00:00,2025-01-18 12:00:00+00:00,BUY,10.0,55.41
2025-01-18 08:15:00+00:00,2025-01-18 09:00:00+00:00,SELL,10.0,70.76
2025-01-18 08:30:00+00:00,2025-01-18 13:00:00+00:00,BUY,10.0,53.89
2025-01-18 09:15:00+00:00,2025-01-18 10:00:00+00:00,SELL,10.0,74.44
2025-01-18 09:30:00+00:00,2025-01-18 14:00:00+00:00,BUY,10.0,59.62
2025-01-18 10:15:00+00:00,2025-01-18 11:00:00+00:00,SELL,10.0,74.85
2025-01-18 10:30:00+00:00,2025-01-18 15:00:00+00:00,BUY,10.0,56.84
2025-01-18 11:15:00+00:00,2025-01-18 12:00:00+00:00,SELL,10.0,54.17
2025-01-18 11:30:00+00:00,2025-01-18 16:00:00+00:00,BUY,10.0,117.6
2025-01-18 12:15:00+00:00,2025-01-18 13:00:00+00:00,SELL,10.0,48.77
2025-01-18 12:30:00+00:00,2025-01-18 17:00:00+00:00,BUY,10.0,265.62
2025-01-18 13:15:00+00:00,2025-01-18 14:00:00+00:00,SELL,10.0,51.04
2025-01-18 13:30:00+00:00,2025-01-18 18:00:00+00:00,BUY,10.0,64.41
2025-01-18 14:15:00+00:00,2025-01-18 15:00:00+00:00,SELL,10.0,56.54
2025-01-18 14:30:00+00:00,2025-01-18 19:00:00+00:00,BUY,10.0,93.77
2025-01-18 15:15:00+00:00,2025-01-18 16:00:00+00:00,SELL,10.0,116.06
2025-01-18 15:30:00+00:00,2025-01-18 20:00:00+00:00,BUY,10.0,376.11
2025-01-18 16:15:00+00:00,2025-01-18 17:00:00+00:00,SELL,10.0,262.02
2025-01-18 16:30:00+00:00,2025-01-18 21:00:00+00:00,BUY,10.0,52.76
2025-01-18 17:15:00+00:00,2025-01-18 18:00:00+00:00,SELL,10.0,107.79
2025-01-18 18:15:00+00:00,2025-01-18 19:00:00+00:00,SELL,10.0,82.67
2025-01-18 19:15:00+00:00,2025-01-18 20:00:00+00:00,SELL,10.0,410.76
2025-01-18 20:15:00+00:00,2025-01-18 21:00:00+00:00,SELL,10.0,49.14
2025-01-18 23:30:00+00:00,2025-01-19 04:00:00+00:00,BUY,10.0,129.34
2025-01-19 00:30:00+00:00,2025-01-19 05:00:00+00:00,BUY,10.0,50.86
2025-01-19 01:30:00+00:00,2025-01-19 06:00:00+00:00,BUY,10.0,222.2
2025-01-19 02:30:00+00:00,2025-01-19 07:00:00+00:00,BUY,10.0,96.99
2025-01-19 03:15:00+00:00,2025-01-19 04:00:00+00:00,SELL,10.0,129.65
2025-01-19 03:30:00+00:00,2025-01-19 08:00:00+00:00,BUY,10.0,69.23
2025-01-19 04:15:00+00:00,2025-01-19 05:00:00+00:00,SELL,10.0,51.96
2025-01-19 04:30:00+00:00,2025-01-19 09:00:00+00:00,BUY,10.0,89.88
2025-01-19 05:15:00+00:00,2025-01-19 06:00:00+00:00,SELL,10.0,215.5
2025-01-19 05:30:00+00:00,2025-01-19 10:00:00+00:00,BUY,10.0,50.04
2025-01-19 06:15:00+00:00,2025-01-19 07:00:00+00:00,SELL,10.0,94.66
2025-01-19 06:30:00+00:00,2025-01-19 11:00:00+00:00,BUY,10.0,210.81
2025-01-19 07:15:00+00:00,2025-01-19 08:00:00+00:00,SELL,10.0,72.23
2025-01-19 07:30:00+00:00,2025-01-19 12:00:00+00:00,BUY,10.0,148.09
2025-01-19 08:15:00+00:00,2025-01-19 09:00:00+00:00,SELL,10.0,87.58
2025-01-19 08:30:00+00:00,2025-01-19 13:00:00+00:00,BUY,10.0,43.77
2025-01-19 09:15:00+00:00,2025-01-19 10:00:00+00:00,SELL,10.0,52.86
2025-01-19 09:30:00+00:00,2025-01-19 14:00:00+00:00,BUY,10.0,39.76
2025-01-19 10:15:00+00:00,2025-01-19 11:00:00+00:00,SELL,10.0,205.63
2025-01-19 10:30:00+00:00,2025-01-19 15:00:00+00:00,BUY,10.0,178.78
2025-01-19 11:15:00+00:00,2025-01-19 12:00:00+00:00,SELL,10.0,146.13
2025-01-19 11:30:00+00:00,2025-01-19 16:00:00+00:00,BUY,10.0,61.99
2025-01-19 12:15:00+00:00,2025-01-19 13:00:00+00:00,SELL,10.0,43.55
2025-01-19 12:30:00+00:00,2025-01-19 17:00:00+00:00,BUY,10.0,62.7
2025-01-19 13:15:00+00:00,2025-01-19 14:00:00+00:00,SELL,10.0,121.76
2025-01-19 13:30:00+00:00,2025-01-19 18:00:00+00:00,BUY,10.0,49.44
2025-01-19 14:15:00+00:00,2025-01-19 15:00:00+00:00,SELL,10.0,281.09
2025-01-19 14:30:00+00:00,2025-01-19 19:00:00+00:00,BUY,10.0,66.07
2025-01-19 15:15:00+00:00,2025-01-19 16:00:00+00:00,SELL,10.0,55.99
2025-01-19 15:30:00+00:00,2025-01-19 20:00:00+00:00,BUY,10.0,52.9
2025-01-19 16:15:00+00:00,2025-01-19 17:00:00+00:00,SELL,10.0,60.4
2025-01-19 16:30:00+00:00,2025-01-19 21:00:00+00:00,BUY,10.0,42.4
2025-01-19 17:15:00+00:00,2025-01-19 18:00:00+00:00,SELL,10.0,72.02
2025-01-19 17:30:00+00:00,2025-01-19 22:00:00+00:00,BUY,10.0,44.5
2025-01-19 18:15:00+00:00,2025-01-19 19:00:00+00:00,SELL,10.0,62.77
2025-01-19 19:15:00+00:00,2025-01-19 20:00:00+00:00,SELL,10.0,52.42
2025-01-19 20:15:00+00:00,2025-01-19 21:00:00+00:00,SELL,10.0,137.6
2025-01-19 21:15:00+00:00,2025-01-19 22:00:00+00:00,SELL,10.0,42.86
2025-01-20 03:30:00+00:00,2025-01-20 08:00:00+00:00,BUY,10.0,63.47
2025-01-20 07:15:00+00:00,2025-01-20 08:00:00+00:00,SELL,10.0,64.19
2025-03-02 02:30:00+00:00,2025-03-02 07:00:00+00:00,BUY,10.0,118.5
2025-03-02 06:15:00+00:00,2025-03-02 07:00:00+00:00,SELL,10.0,106.99
2025-03-08 23:30:00+00:00,2025-03-09 04:00:00+00:00,BUY,10.0,228.52
2025-03-09 01:30:00+00:00,2025-03-09 06:00:00+00:00,BUY,10.0,55.26
2025-03-09 02:30:00+00:00,2025-03-09 07:00:00+00:00,BUY,10.0,67.1
2025-03-09 03:15:00+00:00,2025-03-09 04:00:00+00:00,SELL,10.0,294.77
2025-03-09 03:30:00+00:00,2025-03-09 08:00:00+00:00,BUY,10.0,56.6
2025-03-09 04:30:00+00:00,2025-03-09 09:00:00+00:00,BUY,10.0,64.12
2025-03-09 05:15:00+00:00,2025-03-09 06:00:00+00:00,SELL,10.0,183.86
2025-03-09 05:30:00+00:00,2025-03-09 10:00:00+00:00,BUY,10.0,11.41
2025-03-09 06:15:00+00:00,2025-03-09 07:00:00+00:00,SELL,10.0,62.86
2025-03-09 06:30:00+00:00,2025-03-09 11:00:00+00:00,BUY,10.0,8.01
2025-03-09 07:15:00+00:00,2025-03-09 08:00:00+00:00,SELL,10.0,57.04
2025-03-09 08:15:00+00:00,2025-03-09 09:00:00+00:00,SELL,10.0,63.46
2025-03-09 09:15:00+00:00,2025-03-09 10:00:00+00:00,SELL,10.0,11.23
2025-03-09 10:15:00+00:00,2025-03-09 11:00:00+00:00,SELL,10.0,-22.16
2025-03-09 12:30:00+00:00,2025-03-09 17:00:00+00:00,BUY,10.0,19.3
2025-03-09 13:30:00+00:00,2025-03-09 18:00:00+00:00,BUY,10.0,43.51
2025-03-09 14:30:00+00:00,2025-03-09 19:00:00+00:00,BUY,10.0,57.74
2025-03-09 15:30:00+00:00,2025-03-09 20:00:00+00:00,BUY,10.0,57.23
2025-03-09 16:15:00+00:00,2025-03-09 17:00:00+00:00,SELL,10.0,-4.43
2025-03-09 17:15:00+00:00,2025-03-09 18:00:00+00:00,SELL,10.0,52.96
2025-03-09 18:15:00+00:00,2025-03-09 19:00:00+00:00,SELL,10.0,55.9
2025-03-09 19:15:00+00:00,2025-03-09 20:00:00+00:00,SELL,10.0,54.35
2025-03-24 01:30:00+00:00,2025-03-24 06:00:00+00:00,BUY,10.0,85.95
2025-03-24 05:15:00+00:00,2025-03-24 06:00:00+00:00,SELL,10.0,147.86
2025-04-28 02:30:00+00:00,2025-04-28 07:00:00+00:00,BUY,10.0,51.01
2025-04-28 06:15:00+00:00,2025-04-28 07:00:00+00:00,SELL,10.0,98.94
2025-04-28 12:30:00+00:00,2025-04-28 17:00:00+00:00,BUY,10.0,53.81
2025-04-28 16:15:00+00:00,2025-04-28 17:00:00+00:00,SELL,10.0,129.18
2025-04-28 19:30:00+00:00,2025-04-29 00:00:00+00:00,BUY,10.0,40.92
2025-04-28 20:30:00+00:00,2025-04-29 01:00:00+00:00,BUY,10.0,46.78
2025-04-28 21:30:00+00:00,2025-04-29 02:00:00+00:00,BUY,10.0,120.93
2025-04-28 22:30:00+00:00,2025-04-29 03:00:00+00:00,BUY,10.0,47.54
2025-04-28 23:15:00+00:00,2025-04-29 00:00:00+00:00,SELL,10.0,41.98
2025-04-28 23:30:00+00:00,2025-04-29 04:00:00+00:00,BUY,10.0,50.12
2025-04-29 00:15:00+00:00,2025-04-29 01:00:00+00:00,SELL,10.0,43.98
2025-04-29 00:30:00+00:00,2025-04-29 05:00:00+00:00,BUY,10.0,51.59
2025-04-29 01:15:00+00:00,2025-04-29 02:00:00+00:00,SELL,10.0,119.51
2025-04-29 01:30:00+00:00,2025-04-29 06:00:00+00:00,BUY,10.0,57.94
2025-04-29 02:15:00+00:00,2025-04-29 03:00:00+00:00,SELL,10.0,46.69
2025-04-29 02:30:00+00:00,2025-04-29 07:00:00+00:00,BUY,10.0,58.72
2025-04-29 03:15:00+00:00,2025-04-29 04:00:00+00:00,SELL,10.0,48.79
2025-04-29 03:30:00+00:00,2025-04-29 08:00:00+00:00,BUY,10.0,58.23
2025-04-29 04:15:00+00:00,2025-04-29 05:00:00+00:00,SELL,10.0,53.95
2025-04-29 04:30:00+00:00,2025-04-29 09:00:00+00:00,BUY,10.0,56.65
2025-04-29 05:15:00+00:00,2025-04-29 06:00:00+00:00,SELL,10.0,57.35
2025-04-29 05:30:00+00:00,2025-04-29 10:00:00+00:00,BUY,10.0,46.42
2025-04-29 06:15:00+00:00,2025-04-29 07:00:00+00:00,SELL,10.0,59.13
2025-04-29 06:30:00+00:00,2025-04-29 11:00:00+00:00,BUY,10.0,45.97
2025-04-29 07:15:00+00:00,2025-04-29 08:00:00+00:00,SELL,10.0,58.92
2025-04-29 08:15:00+00:00,2025-04-29 09:00:00+00:00,SELL,10.0,56.09
2025-04-29 09:15:00+00:00,2025-04-29 10:00:00+00:00,SELL,10.0,47.55
2025-04-29 10:15:00+00:00,2025-04-29 11:00:00+00:00,SELL,10.0,44.87
2025-04-29 10:30:00+00:00,2025-04-29 15:00:00+00:00,BUY,10.0,47.09
2025-04-29 11:30:00+00:00,2025-04-29 16:00:00+00:00,BUY,10.0,42.88
2025-04-29 12:30:00+00:00,2025-04-29 17:00:00+00:00,BUY,10.0,57.55
2025-04-29 13:30:00+00:00,2025-04-29 18:00:00+00:00,BUY,10.0,49.91
2025-04-29 14:15:00+00:00,2025-04-29 15:00:00+00:00,SELL,10.0,47.15
2025-04-29 14:30:00+00:00,2025-04-29 19:00:00+00:00,BUY,10.0,59.24
2025-04-29 15:15:00+00:00,2025-04-29 16:00:00+00:00,SELL,10.0,40.9
2025-04-29 15:30:00+00:00,2025-04-29 20:00:00+00:00,BUY,10.0,45.44
2025-04-29 16:15:00+00:00,2025-04-29 17:00:00+00:00,SELL,10.0,57.64
2025-04-29 16:30:00+00:00,2025-04-29 21:00:00+00:00,BUY,10.0,46.95
2025-04-29 17:15:00+00:00,2025-04-29 18:00:00+00:00,SELL,10.0,48.0
2025-04-29 17:30:00+00:00,2025-04-29 22:00:00+00:00,BUY,10.0,136.16
2025-04-29 18:15:00+00:00,2025-04-29 19:00:00+00:00,SELL,10.0,58.18
2025-04-29 18:30:00+00:00,2025-04-29 23:00:00+00:00,BUY,10.0,46.02
2025-04-29 19:15:00+00:00,2025-04-29 20:00:00+00:00,SELL,10.0,44.29
2025-04-29 20:15:00+00:00,2025-04-29 21:00:00+00:00,SELL,10.0,45.97
2025-04-29 21:15:00+00:00,2025-04-29 22:00:00+00:00,SELL,10.0,127.92
2025-04-29 22:15:00+00:00,2025-04-29 23:00:00+00:00,SELL,10.0,46.24
2025-04-30 02:30:00+00:00,2025-04-30 07:00:00+00:00,BUY,10.0,70.8
2025-04-30 03:30:00+00:00,2025-04-30 08:00:00+00:00,BUY,10.0,61.65
2025-04-30 04:30:00+00:00,2025-04-30 09:00:00+00:00,BUY,10.0,60.59
2025-04-30 06:15:00+00:00,2025-04-30 07:00:00+00:00,SELL,10.0,67.04
2025-04-30 07:15:00+00:00,2025-04-30 08:00:00+00:00,SELL,10.0,62.58
2025-04-30 08:15:00+00:00,2025-04-30 09:00:00+00:00,SELL,10.0,61.77
2025-04-30 12:30:00+00:00,2025-04-30 17:00:00+00:00,BUY,10.0,62.24
2025-04-30 13:30:00+00:00,2025-04-30 18:00:00+00:00,BUY,10.0,59.71
2025-04-30 14:30:00+00:00,2025-04-30 19:00:00+00:00,BUY,10.0,57.98
2025-04-30 16:15:00+00:00,2025-04-30 17:00:00+00:00,SELL,10.0,59.94
2025-04-30 17:15:00+00:00,2025-04-30 18:00:00+00:00,SELL,10.0,59.5
2025-04-30 18:15:00+00:00,2025-04-30 19:00:00+00:00,SELL,10.0,58.19
2025-05-29 00:30:00+00:00,2025-05-29 05:00:00+00:00,BUY,10.0,59.34
2025-05-29 01:30:00+00:00,2025-05-29 06:00:00+00:00,BUY,10.0,53.7
2025-05-29 02:30:00+00:00,2025-05-29 07:00:00+00:00,BUY,10.0,63.02
2025-05-29 04:15:00+00:00,2025-05-29 05:00:00+00:00,SELL,10.0,57.9
2025-05-29 05:15:00+00:00,2025-05-29 06:00:00+00:00,SELL,10.0,155.73
2025-05-29 06:15:00+00:00,2025-05-29 07:00:00+00:00,SELL,10.0,60.41
2025-05-29 12:30:00+00:00,2025-05-29 17:00:00+00:00,BUY,10.0,147.9
2025-05-29 13:30:00+00:00,2025-05-29 18:00:00+00:00,BUY,10.0,69.98
2025-05-29 14:30:00+00:00,2025-05-29 19:00:00+00:00,BUY,10.0,57.55
2025-05-29 15:30:00+00:00,2025-05-29 20:00:00+00:00,BUY,10.0,53.98
2025-05-29 16:15:00+00:00,2025-05-29 17:00:00+00:00,SELL,10.0,144.15
2025-05-29 17:15:00+00:00,2025-05-29 18:00:00+00:00,SELL,10.0,162.03
2025-05-29 18:15:00+00:00,2025-05-29 19:00:00+00:00,SELL,10.0,54.98
2025-05-29 19:15:00+00:00,2025-05-29 20:00:00+00:00,SELL,10.0,52.21
2025-05-30 01:30:00+00:00,2025-05-30 06:00:00+00:00,BUY,10.0,193.02
2025-05-30 02:30:00+00:00,2025-05-30 07:00:00+00:00,BUY,10.0,71.55
2025-05-30 03:30:00+00:00,2025-05-30 08:00:00+00:00,BUY,10.0,129.84
2025-05-30 05:15:00+00:00,2025-05-30 06:00:00+00:00,SELL,10.0,192.33
2025-05-30 06:15:00+00:00,2025-05-30 07:00:00+00:00,SELL,10.0,66.08
2025-05-30 07:15:00+00:00,2025-05-30 08:00:00+00:00,SELL,10.0,128.74
2025-05-30 12:30:00+00:00,2025-05-30 17:00:00+00:00,BUY,10.0,61.78
2025-05-30 13:30:00+00:00,2025-05-30 18:00:00+00:00,BUY,10.0,177.83
2025-05-30 16:15:00+00:00,2025-05-30 17:00:00+00:00,SELL,10.0,62.94
2025-05-30 17:15:00+00:00,2025-05-30 18:00:00+00:00,SELL,10.0,176.93
2025-05-31 01:30:00+00:00,2025-05-31 06:00:00+00:00,BUY,10.0,130.02
2025-05-31 02:30:00+00:00,2025-05-31 07:00:00+00:00,BUY,10.0,72.15
2025-05-31 03:30:00+00:00,2025-05-31 08:00:00+00:00,BUY,10.0,57.95
2025-05-31 04:30:00+00:00,2025-05-31 09:00:00+00:00,BUY,10.0,61.59
2025-05-31 05:15:00+00:00,2025-05-31 06:00:00+00:00,SELL,10.0,126.69
2025-05-31 06:15:00+00:00,2025-05-31 07:00:00+00:00,SELL,10.0,65.21
2025-05-31 07:15:00+00:00,2025-05-31 08:00:00+00:00,SELL,10.0,66.18
2025-05-31 08:15:00+00:00,2025-05-31 09:00:00+00:00,SELL,10.0,54.08
2025-05-31 12:30:00+00:00,2025-05-31 17:00:00+00:00,BUY,10.0,63.91
2025-05-31 13:30:00+00:00,2025-05-31 18:00:00+00:00,BUY,10.0,75.44
2025-05-31 14:30:00+00:00,2025-05-31 19:00:00+00:00,BUY,10.0,64.45
2025-05-31 16:15:00+00:00,2025-05-31 17:00:00+00:00,SELL,10.0,8.82
2025-05-31 17:15:00+00:00,2025-05-31 18:00:00+00:00,SELL,10.0,69.88
2025-05-31 18:15:00+00:00,2025-05-31 19:00:00+00:00,SELL,10.0,59.0
2025-06-02 19:30:00+00:00,2025-06-03 00:00:00+00:00,BUY,10.0,35.02
2025-06-02 20:30:00+00:00,2025-06-03 01:00:00+00:00,BUY,10.0,39.56
2025-06-02 21:30:00+00:00,2025-06-03 02:00:00+00:00,BUY,10.0,94.75
2025-06-02 22:30:00+00:00,2025-06-03 03:00:00+00:00,BUY,10.0,40.68
2025-06-02 23:15:00+00:00,2025-06-03 00:00:00+00:00,SELL,10.0,30.39
2025-06-02 23:30:00+00:00,2025-06-03 04:00:00+00:00,BUY,10.0,19.78
2025-06-03 00:15:00+00:00,2025-06-03 01:00:00+00:00,SELL,10.0,35.72
2025-06-03 00:30:00+00:00,2025-06-03 05:00:00+00:00,BUY,10.0,38.46
2025-06-03 01:15:00+00:00,2025-06-03 02:00:00+00:00,SELL,10.0,92.12
2025-06-03 01:30:00+00:00,2025-06-03 06:00:00+00:00,BUY,10.0,50.74
2025-06-03 02:15:00+00:00,2025-06-03 03:00:00+00:00,SELL,10.0,35.92
2025-06-03 02:30:00+00:00,2025-06-03 07:00:00+00:00,BUY,10.0,106.66
2025-06-03 03:15:00+00:00,2025-06-03 04:00:00+00:00,SELL,10.0,14.46
2025-06-03 03:30:00+00:00,2025-06-03 08:00:00+00:00,BUY,10.0,38.56
2025-06-03 04:15:00+00:00,2025-06-03 05:00:00+00:00,SELL,10.0,34.7
2025-06-03 04:30:00+00:00,2025-06-03 09:00:00+00:00,BUY,10.0,37.79
2025-06-03 05:15:00+00:00,2025-06-03 06:00:00+00:00,SELL,10.0,45.24
2025-06-03 05:30:00+00:00,2025-06-03 10:00:00+00:00,BUY,10.0,35.73
2025-06-03 06:15:00+00:00,2025-06-03 07:00:00+00:00,SELL,10.0,98.88
2025-06-03 06:30:00+00:00,2025-06-03 11:00:00+00:00,BUY,10.0,32.54
2025-06-03 07:15:00+00:00,2025-06-03 08:00:00+00:00,SELL,10.0,32.91
2025-06-03 07:30:00+00:00,2025-06-03 12:00:00+00:00,BUY,10.0,129.07
2025-06-03 08:15:00+00:00,2025-06-03 09:00:00+00:00,SELL,10.0,32.38
2025-06-03 08:30:00+00:00,2025-06-03 13:00:00+00:00,BUY,10.0,32.53
2025-06-03 09:15:00+00:00,2025-06-03 10:00:00+00:00,SELL,10.0,28.71
2025-06-03 09:30:00+00:00,2025-06-03 14:00:00+00:00,BUY,10.0,23.81
2025-06-03 10:15:00+00:00,2025-06-03 11:00:00+00:00,SELL,10.0,26.35
2025-06-03 10:30:00+00:00,2025-06-03 15:00:00+00:00,BUY,10.0,28.21
2025-06-03 11:15:00+00:00,2025-06-03 12:00:00+00:00,SELL,10.0,122.36
2025-06-03 11:30:00+00:00,2025-06-03 16:00:00+00:00,BUY,10.0,32.2
2025-06-03 12:15:00+00:00,2025-06-03 13:00:00+00:00,SELL,10.0,27.54
2025-06-03 12:30:00+00:00,2025-06-03 17:00:00+00:00,BUY,10.0,35.97
2025-06-03 13:15:00+00:00,2025-06-03 14:00:00+00:00,SELL,10.0,18.22
2025-06-03 13:30:00+00:00,2025-06-03 18:00:00+00:00,BUY,10.0,42.18
2025-06-03 14:15:00+00:00,2025-06-03 15:00:00+00:00,SELL,10.0,22.15
2025-06-03 14:30:00+00:00,2025-06-03 19:00:00+00:00,BUY,10.0,50.85
2025-06-03 15:15:00+00:00,2025-06-03 16:00:00+00:00,SELL,10.0,27.05
2025-06-03 15:30:00+00:00,2025-06-03 20:00:00+00:00,BUY,10.0,46.26
2025-06-03 16:15:00+00:00,2025-06-03 17:00:00+00:00,SELL,10.0,30.75
2025-06-03 16:30:00+00:00,2025-06-03 21:00:00+00:00,BUY,10.0,35.79
2025-06-03 17:15:00+00:00,2025-06-03 18:00:00+00:00,SELL,10.0,39.56
2025-06-03 17:30:00+00:00,2025-06-03 22:00:00+00:00,BUY,10.0,36.13
2025-06-03 18:15:00+00:00,2025-06-03 19:00:00+00:00,SELL,10.0,44.85
2025-06-03 18:30:00+00:00,2025-06-03 23:00:00+00:00,BUY,10.0,33.47
2025-06-03 19:15:00+00:00,2025-06-03 20:00:00+00:00,SELL,10.0,40.72
2025-06-03 19:30:00+00:00,2025-06-04 00:00:00+00:00,BUY,10.0,66.04
2025-06-03 20:15:00+00:00,2025-06-03 21:00:00+00:00,SELL,10.0,30.88
2025-06-03 20:30:00+00:00,2025-06-04 01:00:00+00:00,BUY,10.0,35.08
2025-06-03 21:15:00+00:00,2025-06-03 22:00:00+00:00,SELL,10.0,32.95
2025-06-03 21:30:00+00:00,2025-06-04 02:00:00+00:00,BUY,10.0,35.75
2025-06-03 22:15:00+00:00,2025-06-03 23:00:00+00:00,SELL,10.0,30.81
2025-06-03 22:30:00+00:00,2025-06-04 03:00:00+00:00,BUY,10.0,35.03
2025-06-03 23:15:00+00:00,2025-06-04 00:00:00+00:00,SELL,10.0,65.42
2025-06-03 23:30:00+00:00,2025-06-04 04:00:00+00:00,BUY,10.0,37.6
2025-06-04 00:15:00+00:00,2025-06-04 01:00:00+00:00,SELL,10.0,33.14
2025-06-04 00:30:00+00:00,2025-06-04 05:00:00+00:00,BUY,10.0,42.88
2025-06-04 01:15:00+00:00,2025-06-04 02:00:00+00:00,SELL,10.0,32.88
2025-06-04 01:30:00+00:00,2025-06-04 06:00:00+00:00,BUY,10.0,47.35
2025-06-04 02:15:00+00:00,2025-06-04 03:00:00+00:00,SELL,10.0,313.98
2025-06-04 02:30:00+00:00,2025-06-04 07:00:00+00:00,BUY,10.0,41.69
2025-06-04 03:15:00+00:00,2025-06-04 04:00:00+00:00,SELL,10.0,36.23
2025-06-04 03:30:00+00:00,2025-06-04 08:00:00+00:00,BUY,10.0,56.05
2025-06-04 04:15:00+00:00,2025-06-04 05:00:00+00:00,SELL,10.0,41.82
2025-06-04 04:30:00+00:00,2025-06-04 09:00:00+00:00,BUY,10.0,82.7
2025-06-04 05:15:00+00:00,2025-06-04 06:00:00+00:00,SELL,10.0,45.04
2025-06-04 05:30:00+00:00,2025-06-04 10:00:00+00:00,BUY,10.0,46.3
2025-06-04 06:15:00+00:00,2025-06-04 07:00:00+00:00,SELL,10.0,42.0
2025-06-04 06:30:00+00:00,2025-06-04 11:00:00+00:00,BUY,10.0,39.53
2025-06-04 07:15:00+00:00,2025-06-04 08:00:00+00:00,SELL,10.0,50.48
2025-06-04 07:30:00+00:00,2025-06-04 12:00:00+00:00,BUY,10.0,37.25
2025-06-04 08:15:00+00:00,2025-06-04 09:00:00+00:00,SELL,10.0,80.59
2025-06-04 08:30:00+00:00,2025-06-04 13:00:00+00:00,BUY,10.0,36.21
2025-06-04 09:15:00+00:00,2025-06-04 10:00:00+00:00,SELL,10.0,45.09
2025-06-04 09:30:00+00:00,2025-06-04 14:00:00+00:00,BUY,10.0,31.76
2025-06-04 10:15:00+00:00,2025-06-04 11:00:00+00:00,SELL,10.0,112.4
2025-06-04 10:30:00+00:00,2025-06-04 15:00:00+00:00,BUY,10.0,36.63
2025-06-04 11:15:00+00:00,2025-06-04 12:00:00+00:00,SELL,10.0,35.89
2025-06-04 11:30:00+00:00,2025-06-04 16:00:00+00:00,BUY,10.0,39.25
2025-06-04 12:15:00+00:00,2025-06-04 13:00:00+00:00,SELL,10.0,35.67
2025-06-04 12:30:00+00:00,2025-06-04 17:00:00+00:00,BUY,10.0,97.66
2025-06-04 13:15:00+00:00,2025-06-04 14:00:00+00:00,SELL,10.0,30.55
2025-06-04 13:30:00+00:00,2025-06-04 18:00:00+00:00,BUY,10.0,56.43
2025-06-04 14:15:00+00:00,2025-06-04 15:00:00+00:00,SELL,10.0,32.39
2025-06-04 14:30:00+00:00,2025-06-04 19:00:00+00:00,BUY,10.0,50.97
2025-06-04 15:15:00+00:00,2025-06-04 16:00:00+00:00,SELL,10.0,38.48
2025-06-04 15:30:00+00:00,2025-06-04 20:00:00+00:00,BUY,10.0,42.88
2025-06-04 16:15:00+00:00,2025-06-04 17:00:00+00:00,SELL,10.0,147.74
2025-06-04 16:30:00+00:00,2025-06-04 21:00:00+00:00,BUY,10.0,38.84
2025-06-04 17:15:00+00:00,2025-06-04 18:00:00+00:00,SELL,10.0,179.29
2025-06-04 17:30:00+00:00,2025-06-04 22:00:00+00:00,BUY,10.0,41.17
2025-06-04 18:15:00+00:00,2025-06-04 19:00:00+00:00,SELL,10.0,49.48
2025-06-04 18:30:00+00:00,2025-06-04 23:00:00+00:00,BUY,10.0,38.42
2025-06-04 19:15:00+00:00,2025-06-04 20:00:00+00:00,SELL,10.0,41.24
2025-06-04 20:15:00+00:00,2025-06-04 21:00:00+00:00,SELL,10.0,77.99
2025-06-04 21:15:00+00:00,2025-06-04 22:00:00+00:00,SELL,10.0,39.36
2025-06-04 22:15:00+00:00,2025-06-04 23:00:00+00:00,SELL,10.0,92.2
2025-07-03 00:30:00+00:00,2025-07-03 05:00:00+00:00,BUY,10.0,50.92
2025-07-03 01:30:00+00:00,2025-07-03 06:00:00+00:00,BUY,10.0,53.39
2025-07-03 02:30:00+00:00,2025-07-03 07:00:00+00:00,BUY,10.0,224.05
2025-07-03 04:15:00+00:00,2025-07-03 05:00:00+00:00,SELL,10.0,99.07
2025-07-03 05:15:00+00:00,2025-07-03 06:00:00+00:00,SELL,10.0,169.9
2025-07-03 06:15:00+00:00,2025-07-03 07:00:00+00:00,SELL,10.0,219.5
2025-07-03 13:30:00+00:00,2025-07-03 18:00:00+00:00,BUY,10.0,67.08
2025-07-03 14:30:00+00:00,2025-07-03 19:00:00+00:00,BUY,10.0,53.79
2025-07-03 17:15:00+00:00,2025-07-03 18:00:00+00:00,SELL,10.0,67.72
2025-07-03 18:15:00+00:00,2025-07-03 19:00:00+00:00,SELL,10.0,53.54
2025-07-03 23:30:00+00:00,2025-07-04 04:00:00+00:00,BUY,10.0,50.92
2025-07-04 00:30:00+00:00,2025-07-04 05:00:00+00:00,BUY,10.0,48.25
2025-07-04 01:30:00+00:00,2025-07-04 06:00:00+00:00,BUY,10.0,138.33
2025-07-04 02:30:00+00:00,2025-07-04 07:00:00+00:00,BUY,10.0,62.96
2025-07-04 03:15:00+00:00,2025-07-04 04:00:00+00:00,SELL,10.0,46.92
2025-07-04 03:30:00+00:00,2025-07-04 08:00:00+00:00,BUY,10.0,50.25
2025-07-04 04:15:00+00:00,2025-07-04 05:00:00+00:00,SELL,10.0,46.33
2025-07-04 04:30:00+00:00,2025-07-04 09:00:00+00:00,BUY,10.0,51.65
2025-07-04 05:15:00+00:00,2025-07-04 06:00:00+00:00,SELL,10.0,136.85
2025-07-04 06:15:00+00:00,2025-07-04 07:00:00+00:00,SELL,10.0,9.6
2025-07-04 07:15:00+00:00,2025-07-04 08:00:00+00:00,SELL,10.0,49.5
2025-07-04 08:15:00+00:00,2025-07-04 09:00:00+00:00,SELL,10.0,47.68
2025-07-04 12:30:00+00:00,2025-07-04 17:00:00+00:00,BUY,10.0,52.75
2025-07-04 13:30:00+00:00,2025-07-04 18:00:00+00:00,BUY,10.0,56.4
2025-07-04 14:30:00+00:00,2025-07-04 19:00:00+00:00,BUY,10.0,50.34
2025-07-04 15:30:00+00:00,2025-07-04 20:00:00+00:00,BUY,10.0,45.46
2025-07-04 16:15:00+00:00,2025-07-04 17:00:00+00:00,SELL,10.0,52.61
2025-07-04 17:15:00+00:00,2025-07-04 18:00:00+00:00,SELL,10.0,54.9
2025-07-04 18:15:00+00:00,2025-07-04 19:00:00+00:00,SELL,10.0,51.3
2025-07-04 19:15:00+00:00,2025-07-04 20:00:00+00:00,SELL,10.0,45.27
2025-07-04 19:30:00+00:00,2025-07-05 00:00:00+00:00,BUY,10.0,35.45
2025-07-04 20:30:00+00:00,2025-07-05 01:00:00+00:00,BUY,10.0,38.11
2025-07-04 21:30:00+00:00,2025-07-05 02:00:00+00:00,BUY,10.0,37.32
2025-07-04 22:30:00+00:00,2025-07-05 03:00:00+00:00,BUY,10.0,151.74
2025-07-04 23:15:00+00:00,2025-07-05 00:00:00+00:00,SELL,10.0,32.54
2025-07-04 23:30:00+00:00,2025-07-05 04:00:00+00:00,BUY,10.0,83.55
2025-07-05 00:15:00+00:00,2025-07-05 01:00:00+00:00,SELL,10.0,33.48
2025-07-05 00:30:00+00:00,2025-07-05 05:00:00+00:00,BUY,10.0,52.04
2025-07-05 01:15:00+00:00,2025-07-05 02:00:00+00:00,SELL,10.0,-77.19
2025-07-05 01:30:00+00:00,2025-07-05 06:00:00+00:00,BUY,10.0,45.27
2025-07-05 02:15:00+00:00,2025-07-05 03:00:00+00:00,SELL,10.0,145.28
2025-07-05 02:30:00+00:00,2025-07-05 07:00:00+00:00,BUY,10.0,48.25
2025-07-05 03:15:00+00:00,2025-07-05 04:00:00+00:00,SELL,10.0,79.35
2025-07-05 03:30:00+00:00,2025-07-05 08:00:00+00:00,BUY,10.0,91.44
2025-07-05 04:15:00+00:00,2025-07-05 05:00:00+00:00,SELL,10.0,48.74
2025-07-05 04:30:00+00:00,2025-07-05 09:00:00+00:00,BUY,10.0,45.65
2025-07-05 05:15:00+00:00,2025-07-05 06:00:00+00:00,SELL,10.0,41.27
2025-07-05 05:30:00+00:00,2025-07-05 10:00:00+00:00,BUY,10.0,37.87
2025-07-05 06:15:00+00:00,2025-07-05 07:00:00+00:00,SELL,10.0,46.39
2025-07-05 06:30:00+00:00,2025-07-05 11:00:00+00:00,BUY,10.0,31.66
2025-07-05 07:15:00+00:00,2025-07-05 08:00:00+00:00,SELL,10.0,136.77
2025-07-05 07:30:00+00:00,2025-07-05 12:00:00+00:00,BUY,10.0,32.81
2025-07-05 08:15:00+00:00,2025-07-05 09:00:00+00:00,SELL,10.0,40.5
2025-07-05 08:30:00+00:00,2025-07-05 13:00:00+00:00,BUY,10.0,72.19
2025-07-05 09:15:00+00:00,2025-07-05 10:00:00+00:00,SELL,10.0,31.54
2025-07-05 09:30:00+00:00,2025-07-05 14:00:00+00:00,BUY,10.0,75.99
2025-07-05 10:15:00+00:00,2025-07-05 11:00:00+00:00,SELL,10.0,27.51
2025-07-05 10:30:00+00:00,2025-07-05 15:00:00+00:00,BUY,10.0,33.42
2025-07-05 11:15:00+00:00,2025-07-05 12:00:00+00:00,SELL,10.0,25.44
2025-07-05 11:30:00+00:00,2025-07-05 16:00:00+00:00,BUY,10.0,92.06
2025-07-05 12:15:00+00:00,2025-07-05 13:00:00+00:00,SELL,10.0,68.45
2025-07-05 12:30:00+00:00,2025-07-05 17:00:00+00:00,BUY,10.0,159.93
2025-07-05 13:15:00+00:00,2025-07-05 14:00:00+00:00,SELL,10.0,190.28
2025-07-05 13:30:00+00:00,2025-07-05 18:00:00+00:00,BUY,10.0,50.3
2025-07-05 14:15:00+00:00,2025-07-05 15:00:00+00:00,SELL,10.0,28.36
2025-07-05 14:30:00+00:00,2025-07-05 19:00:00+00:00,BUY,10.0,12.19
2025-07-05 15:15:00+00:00,2025-07-05 16:00:00+00:00,SELL,10.0,83.31
2025-07-05 15:30:00+00:00,2025-07-05 20:00:00+00:00,BUY,10.0,49.44
2025-07-05 16:15:00+00:00,2025-07-05 17:00:00+00:00,SELL,10.0,155.94
2025-07-05 16:30:00+00:00,2025-07-05 21:00:00+00:00,BUY,10.0,39.3
2025-07-05 17:15:00+00:00,2025-07-05 18:00:00+00:00,SELL,10.0,48.08
2025-07-05 17:30:00+00:00,2025-07-05 22:00:00+00:00,BUY,10.0,151.4
2025-07-05 18:15:00+00:00,2025-07-05 19:00:00+00:00,SELL,10.0,10.53
2025-07-05 18:30:00+00:00,2025-07-05 23:00:00+00:00,BUY,10.0,35.95
2025-07-05 19:15:00+00:00,2025-07-05 20:00:00+00:00,SELL,10.0,44.78
2025-07-05 20:15:00+00:00,2025-07-05 21:00:00+00:00,SELL,10.0,95.56
2025-07-05 21:15:00+00:00,2025-07-05 22:00:00+00:00,SELL,10.0,142.6
2025-07-05 22:15:00+00:00,2025-07-05 23:00:00+00:00,SELL,10.0,34.69
2025-07-15 19:30:00+00:00,2025-07-16 00:00:00+00:00,BUY,10.0,53.0
2025-07-15 20:30:00+00:00,2025-07-16 01:00:00+00:00,BUY,10.0,49.29
2025-07-15 21:30:00+00:00,2025-07-16 02:00:00+00:00,BUY,10.0,53.29
2025-07-15 22:30:00+00:00,2025-07-16 03:00:00+00:00,BUY,10.0,97.11
2025-07-15 23:15:00+00:00,2025-07-16 00:00:00+00:00,SELL,10.0,199.06
2025-07-15 23:30:00+00:00,2025-07-16 04:00:00+00:00,BUY,10.0,61.25
2025-07-16 00:15:00+00:00,2025-07-16 01:00:00+00:00,SELL,10.0,47.69
2025-07-16 00:30:00+00:00,2025-07-16 05:00:00+00:00,BUY,10.0,65.27
2025-07-16 01:15:00+00:00,2025-07-16 02:00:00+00:00,SELL,10.0,48.07
2025-07-16 01:30:00+00:00,2025-07-16 06:00:00+00:00,BUY,10.0,76.44
2025-07-16 02:15:00+00:00,2025-07-16 03:00:00+00:00,SELL,10.0,131.79
2025-07-16 02:30:00+00:00,2025-07-16 07:00:00+00:00,BUY,10.0,141.82
2025-07-16 03:15:00+00:00,2025-07-16 04:00:00+00:00,SELL,10.0,57.84
2025-07-16 03:30:00+00:00,2025-07-16 08:00:00+00:00,BUY,10.0,58.15
2025-07-16 04:15:00+00:00,2025-07-16 05:00:00+00:00,SELL,10.0,59.69
2025-07-16 05:15:00+00:00,2025-07-16 06:00:00+00:00,SELL,10.0,67.07
2025-07-16 06:15:00+00:00,2025-07-16 07:00:00+00:00,SELL,10.0,139.78
2025-07-16 07:15:00+00:00,2025-07-16 08:00:00+00:00,SELL,10.0,52.01
2025-07-16 11:30:00+00:00,2025-07-16 16:00:00+00:00,BUY,10.0,50.27
2025-07-16 12:30:00+00:00,2025-07-16 17:00:00+00:00,BUY,10.0,154.09
2025-07-16 13:30:00+00:00,2025-07-16 18:00:00+00:00,BUY,10.0,312.15
2025-07-16 14:30:00+00:00,2025-07-16 19:00:00+00:00,BUY,10.0,77.0
2025-07-16 15:15:00+00:00,2025-07-16 16:00:00+00:00,SELL,10.0,44.28
2025-07-16 15:30:00+00:00,2025-07-16 20:00:00+00:00,BUY,10.0,74.81
2025-07-16 16:15:00+00:00,2025-07-16 17:00:00+00:00,SELL,10.0,230.84
2025-07-16 16:30:00+00:00,2025-07-16 21:00:00+00:00,BUY,10.0,59.01
2025-07-16 17:15:00+00:00,2025-07-16 18:00:00+00:00,SELL,10.0,306.42
2025-07-16 17:30:00+00:00,2025-07-16 22:00:00+00:00,BUY,10.0,131.22
2025-07-16 18:15:00+00:00,2025-07-16 19:00:00+00:00,SELL,10.0,132.96
2025-07-16 18:30:00+00:00,2025-07-16 23:00:00+00:00,BUY,10.0,98.72
2025-07-16 19:15:00+00:00,2025-07-16 20:00:00+00:00,SELL,10.0,134.16
2025-07-16 20:15:00+00:00,2025-07-16 21:00:00+00:00,SELL,10.0,56.4
2025-07-16 21:15:00+00:00,2025-07-16 22:00:00+00:00,SELL,10.0,125.66
2025-07-16 21:30:00+00:00,2025-07-17 02:00:00+00:00,BUY,10.0,83.66
2025-07-16 22:15:00+00:00,2025-07-16 23:00:00+00:00,SELL,10.0,94.92
2025-07-16 22:30:00+00:00,2025-07-17 03:00:00+00:00,BUY,10.0,109.77
2025-07-16 23:30:00+00:00,2025-07-17 04:00:00+00:00,BUY,10.0,63.74
2025-07-17 00:30:00+00:00,2025-07-17 05:00:00+00:00,BUY,10.0,67.13
2025-07-17 01:15:00+00:00,2025-07-17 02:00:00+00:00,SELL,10.0,81.34
2025-07-17 01:30:00+00:00,2025-07-17 06:00:00+00:00,BUY,10.0,227.1
2025-07-17 02:15:00+00:00,2025-07-17 03:00:00+00:00,SELL,10.0,107.12
2025-07-17 02:30:00+00:00,2025-07-17 07:00:00+00:00,BUY,10.0,67.25
2025-07-17 03:15:00+00:00,2025-07-17 04:00:00+00:00,SELL,10.0,58.23
2025-07-17 03:30:00+00:00,2025-07-17 08:00:00+00:00,BUY,10.0,248.79
2025-07-17 04:15:00+00:00,2025-07-17 05:00:00+00:00,SELL,10.0,119.13
2025-07-17 04:30:00+00:00,2025-07-17 09:00:00+00:00,BUY,10.0,55.86
2025-07-17 05:15:00+00:00,2025-07-17 06:00:00+00:00,SELL,10.0,225.62
2025-07-17 06:15:00+00:00,2025-07-17 07:00:00+00:00,SELL,10.0,61.69
2025-07-17 07:15:00+00:00,2025-07-17 08:00:00+00:00,SELL,10.0,241.26
2025-07-17 08:15:00+00:00,2025-07-17 09:00:00+00:00,SELL,10.0,52.99
2025-07-17 12:30:00+00:00,2025-07-17 17:00:00+00:00,BUY,10.0,58.73
2025-07-17 13:30:00+00:00,2025-07-17 18:00:00+00:00,BUY,10.0,121.78
2025-07-17 14:30:00+00:00,2025-07-17 19:00:00+00:00,BUY,10.0,70.14
2025-07-17 15:30:00+00:00,2025-07-17 20:00:00+00:00,BUY,10.0,247.96
2025-07-17 16:15:00+00:00,2025-07-17 17:00:00+00:00,SELL,10.0,57.56
2025-07-17 16:30:00+00:00,2025-07-17 21:00:00+00:00,BUY,10.0,59.36
2025-07-17 17:15:00+00:00,2025-07-17 18:00:00+00:00,SELL,10.0,113.47
2025-07-17 17:30:00+00:00,2025-07-17 22:00:00+00:00,BUY,10.0,59.31
2025-07-17 18:15:00+00:00,2025-07-17 19:00:00+00:00,SELL,10.0,202.94
2025-07-17 18:30:00+00:00,2025-07-17 23:00:00+00:00,BUY,10.0,52.88
2025-07-17 19:15:00+00:00,2025-07-17 20:00:00+00:00,SELL,10.0,244.1
2025-07-17 20:15:00+00:00,2025-07-17 21:00:00+00:00,SELL,10.0,54.34
2025-07-17 21:15:00+00:00,2025-07-17 22:00:00+00:00,SELL,10.0,55.28
2025-07-17 22:15:00+00:00,2025-07-17 23:00:00+00:00,SELL,10.0,52.8
2025-07-17 23:30:00+00:00,2025-07-18 04:00:00+00:00,BUY,10.0,141.66
2025-07-18 00:30:00+00:00,2025-07-18 05:00:00+00:00,BUY,10.0,340.27
2025-07-18 01:30:00+00:00,2025-07-18 06:00:00+00:00,BUY,10.0,68.4
2025-07-18 02:30:00+00:00,2025-07-18 07:00:00+00:00,BUY,10.0,77.24
2025-07-18 03:15:00+00:00,2025-07-18 04:00:00+00:00,SELL,10.0,131.79
2025-07-18 03:30:00+00:00,2025-07-18 08:00:00+00:00,BUY,10.0,59.99
2025-07-18 04:15:00+00:00,2025-07-18 05:00:00+00:00,SELL,10.0,372.7
2025-07-18 05:15:00+00:00,2025-07-18 06:00:00+00:00,SELL,10.0,69.21
2025-07-18 06:15:00+00:00,2025-07-18 07:00:00+00:00,SELL,10.0,75.31
2025-07-18 07:15:00+00:00,2025-07-18 08:00:00+00:00,SELL,10.0,56.76
2025-07-18 12:30:00+00:00,2025-07-18 17:00:00+00:00,BUY,10.0,64.32
2025-07-18 13:30:00+00:00,2025-07-18 18:00:00+00:00,BUY,10.0,116.14
2025-07-18 14:30:00+00:00,2025-07-18 19:00:00+00:00,BUY,10.0,74.25
2025-07-18 15:30:00+00:00,2025-07-18 20:00:00+00:00,BUY,10.0,65.55
2025-07-18 16:15:00+00:00,2025-07-18 17:00:00+00:00,SELL,10.0,62.13
2025-07-18 17:15:00+00:00,2025-07-18 18:00:00+00:00,SELL,10.0,112.66
2025-07-18 18:15:00+00:00,2025-07-18 19:00:00+00:00,SELL,10.0,70.29
2025-07-18 19:15:00+00:00,2025-07-18 20:00:00+00:00,SELL,10.0,62.84
2025-07-21 00:30:00+00:00,2025-07-21 05:00:00+00:00,BUY,10.0,59.15
2025-07-21 01:30:00+00:00,2025-07-21 06:00:00+00:00,BUY,10.0,88.77
2025-07-21 02:30:00+00:00,2025-07-21 07:00:00+00:00,BUY,10.0,54.14
2025-07-21 04:15:00+00:00,2025-07-21 05:00:00+00:00,SELL,10.0,88.28
2025-07-21 04:30:00+00:00,2025-07-21 09:00:00+00:00,BUY,10.0,53.13
2025-07-21 05:15:00+00:00,2025-07-21 06:00:00+00:00,SELL,10.0,89.21
2025-07-21 05:30:00+00:00,2025-07-21 10:00:00+00:00,BUY,10.0,53.68
2025-07-21 06:15:00+00:00,2025-07-21 07:00:00+00:00,SELL,10.0,54.16
2025-07-21 08:15:00+00:00,2025-07-21 09:00:00+00:00,SELL,10.0,50.26
2025-07-21 09:15:00+00:00,2025-07-21 10:00:00+00:00,SELL,10.0,46.82
2025-07-21 13:30:00+00:00,2025-07-21 18:00:00+00:00,BUY,10.0,56.63
2025-07-21 14:30:00+00:00,2025-07-21 19:00:00+00:00,BUY,10.0,58.74
2025-07-21 17:15:00+00:00,2025-07-21 18:00:00+00:00,SELL,10.0,54.91
2025-07-21 18:15:00+00:00,2025-07-21 19:00:00+00:00,SELL,10.0,58.21
2025-07-22 00:30:00+00:00,2025-07-22 05:00:00+00:00,BUY,10.0,55.26
2025-07-22 01:30:00+00:00,2025-07-22 06:00:00+00:00,BUY,10.0,121.85
2025-07-22 02:30:00+00:00,2025-07-22 07:00:00+00:00,BUY,10.0,51.55
2025-07-22 03:30:00+00:00,2025-07-22 08:00:00+00:00,BUY,10.0,55.18
2025-07-22 04:15:00+00:00,2025-07-22 05:00:00+00:00,SELL,10.0,55.11
2025-07-22 05:15:00+00:00,2025-07-22 06:00:00+00:00,SELL,10.0,115.99
2025-07-22 06:15:00+00:00,2025-07-22 07:00:00+00:00,SELL,10.0,49.32
2025-07-22 07:15:00+00:00,2025-07-22 08:00:00+00:00,SELL,10.0,50.62
2025-07-22 12:30:00+00:00,2025-07-22 17:00:00+00:00,BUY,10.0,54.18
2025-07-22 13:30:00+00:00,2025-07-22 18:00:00+00:00,BUY,10.0,101.64
2025-07-22 14:30:00+00:00,2025-07-22 19:00:00+00:00,BUY,10.0,55.05
2025-07-22 16:15:00+00:00,2025-07-22 17:00:00+00:00,SELL,10.0,53.77
2025-07-22 17:15:00+00:00,2025-07-22 18:00:00+00:00,SELL,10.0,101.26
2025-07-22 18:15:00+00:00,2025-07-22 19:00:00+00:00,SELL,10.0,54.18
2025-07-25 13:30:00+00:00,2025-07-25 18:00:00+00:00,BUY,10.0,138.39
2025-07-25 17:15:00+00:00,2025-07-25 18:00:00+00:00,SELL,10.0,125.21
2025-08-01 01:30:00+00:00,2025-08-01 06:00:00+00:00,BUY,10.0,54.24
2025-08-01 02:30:00+00:00,2025-08-01 07:00:00+00:00,BUY,10.0,54.29
2025-08-01 05:15:00+00:00,2025-08-01 06:00:00+00:00,SELL,10.0,54.96
2025-08-01 06:15:00+00:00,2025-08-01 07:00:00+00:00,SELL,10.0,53.42
2025-08-25 01:30:00+00:00,2025-08-25 06:00:00+00:00,BUY,10.0,45.38
2025-08-25 03:30:00+00:00,2025-08-25 08:00:00+00:00,BUY,10.0,52.81
2025-08-25 05:15:00+00:00,2025-08-25 06:00:00+00:00,SELL,10.0,40.43
2025-08-25 07:15:00+00:00,2025-08-25 08:00:00+00:00,SELL,10.0,49.84
2025-08-25 12:30:00+00:00,2025-08-25 17:00:00+00:00,BUY,10.0,46.61
2025-08-25 13:30:00+00:00,2025-08-25 18:00:00+00:00,BUY,10.0,43.29
2025-08-25 14:30:00+00:00,2025-08-25 19:00:00+00:00,BUY,10.0,90.59
2025-08-25 16:15:00+00:00,2025-08-25 17:00:00+00:00,SELL,10.0,43.53
2025-08-25 17:15:00+00:00,2025-08-25 18:00:00+00:00,SELL,10.0,43.74
2025-08-25 18:15:00+00:00,2025-08-25 19:00:00+00:00,SELL,10.0,85.57
2025-08-26 03:30:00+00:00,2025-08-26 08:00:00+00:00,BUY,10.0,37.82
2025-08-26 07:15:00+00:00,2025-08-26 08:00:00+00:00,SELL,10.0,-1.43
2025-09-23 23:30:00+00:00,2025-09-24 04:00:00+00:00,BUY,10.0,55.79
2025-09-24 01:30:00+00:00,2025-09-24 06:00:00+00:00,BUY,10.0,69.22
2025-09-24 03:15:00+00:00,2025-09-24 04:00:00+00:00,SELL,10.0,53.37
2025-09-24 03:30:00+00:00,2025-09-24 08:00:00+00:00,BUY,10.0,53.92
2025-09-24 05:15:00+00:00,2025-09-24 06:00:00+00:00,SELL,10.0,105.82
2025-09-24 07:15:00+00:00,2025-09-24 08:00:00+00:00,SELL,10.0,54.44
2025-09-24 12:30:00+00:00,2025-09-24 17:00:00+00:00,BUY,10.0,58.35
2025-09-24 13:30:00+00:00,2025-09-24 18:00:00+00:00,BUY,10.0,56.58
2025-09-24 14:30:00+00:00,2025-09-24 19:00:00+00:00,BUY,10.0,55.83
2025-09-24 16:15:00+00:00,2025-09-24 17:00:00+00:00,SELL,10.0,55.73
2025-09-24 17:15:00+00:00,2025-09-24 18:00:00+00:00,SELL,10.0,56.8
2025-09-24 18:15:00+00:00,2025-09-24 19:00:00+00:00,SELL,10.0,168.72
2025-09-24 23:30:00+00:00,2025-09-25 04:00:00+00:00,BUY,10.0,42.92
2025-09-25 01:30:00+00:00,2025-09-25 06:00:00+00:00,BUY,10.0,49.34
2025-09-25 02:30:00+00:00,2025-09-25 07:00:00+00:00,BUY,10.0,16.47
2025-09-25 03:15:00+00:00,2025-09-25 04:00:00+00:00,SELL,10.0,42.52
2025-09-25 03:30:00+00:00,2025-09-25 08:00:00+00:00,BUY,10.0,46.49
2025-09-25 04:30:00+00:00,2025-09-25 09:00:00+00:00,BUY,10.0,42.72
2025-09-25 05:15:00+00:00,2025-09-25 06:00:00+00:00,SELL,10.0,50.51
2025-09-25 06:15:00+00:00,2025-09-25 07:00:00+00:00,SELL,10.0,-4.08
2025-09-25 07:15:00+00:00,2025-09-25 08:00:00+00:00,SELL,10.0,47.04
2025-09-25 08:15:00+00:00,2025-09-25 09:00:00+00:00,SELL,10.0,42.77
2025-09-25 13:30:00+00:00,2025-09-25 18:00:00+00:00,BUY,10.0,48.71
2025-09-25 17:15:00+00:00,2025-09-25 18:00:00+00:00,SELL,10.0,47.98
2025-10-22 04:30:00+00:00,2025-10-22 09:00:00+00:00,BUY,10.0,126.09
2025-10-22 08:15:00+00:00,2025-10-22 09:00:00+00:00,SELL,10.0,120.41
2025-10-22 14:30:00+00:00,2025-10-22 19:00:00+00:00,BUY,10.0,77.03
2025-10-22 18:15:00+00:00,2025-10-22 19:00:00+00:00,SELL,10.0,73.12
2025-11-07 23:30:00+00:00,2025-11-08 04:00:00+00:00,BUY,10.0,76.82
2025-11-08 00:30:00+00:00,2025-11-08 05:00:00+00:00,BUY,10.0,84.17
2025-11-08 01:30:00+00:00,2025-11-08 06:00:00+00:00,BUY,10.0,89.29
2025-11-08 02:30:00+00:00,2025-11-08 07:00:00+00:00,BUY,10.0,106.57
2025-11-08 03:15:00+00:00,2025-11-08 04:00:00+00:00,SELL,10.0,116.83
2025-11-08 03:30:00+00:00,2025-11-08 08:00:00+00:00,BUY,10.0,87.05
2025-11-08 04:15:00+00:00,2025-11-08 05:00:00+00:00,SELL,10.0,72.98
2025-11-08 04:30:00+00:00,2025-11-08 09:00:00+00:00,BUY,10.0,77.19
2025-11-08 05:15:00+00:00,2025-11-08 06:00:00+00:00,SELL,10.0,78.12
2025-11-08 05:30:00+00:00,2025-11-08 10:00:00+00:00,BUY,10.0,57.35
2025-11-08 06:15:00+00:00,2025-11-08 07:00:00+00:00,SELL,10.0,85.55
2025-11-08 07:15:00+00:00,2025-11-08 08:00:00+00:00,SELL,10.0,76.05
2025-11-08 08:15:00+00:00,2025-11-08 09:00:00+00:00,SELL,10.0,57.75
2025-11-08 09:15:00+00:00,2025-11-08 10:00:00+00:00,SELL,10.0,23.77
2025-11-08 12:30:00+00:00,2025-11-08 17:00:00+00:00,BUY,10.0,67.5
2025-11-08 13:30:00+00:00,2025-11-08 18:00:00+00:00,BUY,10.0,106.63
2025-11-08 14:30:00+00:00,2025-11-08 19:00:00+00:00,BUY,10.0,108.01
2025-11-08 16:15:00+00:00,2025-11-08 17:00:00+00:00,SELL,10.0,58.42
2025-11-08 17:15:00+00:00,2025-11-08 18:00:00+00:00,SELL,10.0,103.08
2025-11-08 18:15:00+00:00,2025-11-08 19:00:00+00:00,SELL,10.0,85.75
2025-11-09 13:30:00+00:00,2025-11-09 18:00:00+00:00,BUY,10.0,130.96
2025-11-09 17:15:00+00:00,2025-11-09 18:00:00+00:00,SELL,10.0,124.13
2025-11-12 03:30:00+00:00,2025-11-12 08:00:00+00:00,BUY,10.0,113.45
2025-11-12 07:15:00+00:00,2025-11-12 08:00:00+00:00,SELL,10.0,105.82
2025-11-15 02:30:00+00:00,2025-11-15 07:00:00+00:00,BUY,10.0,63.62
2025-11-15 03:30:00+00:00,2025-11-15 08:00:00+00:00,BUY,10.0,175.32
2025-11-15 06:15:00+00:00,2025-11-15 07:00:00+00:00,SELL,10.0,60.47
2025-11-15 07:15:00+00:00,2025-11-15 08:00:00+00:00,SELL,10.0,174.14
2025-11-17 19:30:00+00:00,2025-11-18 00:00:00+00:00,BUY,10.0,114.73
2025-11-17 21:30:00+00:00,2025-11-18 02:00:00+00:00,BUY,10.0,40.62
2025-11-17 22:30:00+00:00,2025-11-18 03:00:00+00:00,BUY,10.0,45.13
2025-11-17 23:15:00+00:00,2025-11-18 00:00:00+00:00,SELL,10.0,110.09
2025-11-17 23:30:00+00:00,2025-11-18 04:00:00+00:00,BUY,10.0,117.36
2025-11-18 00:30:00+00:00,2025-11-18 05:00:00+00:00,BUY,10.0,50.23
2025-11-18 01:15:00+00:00,2025-11-18 02:00:00+00:00,SELL,10.0,41.11
2025-11-18 01:30:00+00:00,2025-11-18 06:00:00+00:00,BUY,10.0,19.57
2025-11-18 02:15:00+00:00,2025-11-18 03:00:00+00:00,SELL,10.0,44.41
2025-11-18 02:30:00+00:00,2025-11-18 07:00:00+00:00,BUY,10.0,53.88
2025-11-18 03:15:00+00:00,2025-11-18 04:00:00+00:00,SELL,10.0,118.87
2025-11-18 03:30:00+00:00,2025-11-18 08:00:00+00:00,BUY,10.0,113.67
2025-11-18 04:15:00+00:00,2025-11-18 05:00:00+00:00,SELL,10.0,50.38
2025-11-18 04:30:00+00:00,2025-11-18 09:00:00+00:00,BUY,10.0,58.26
2025-11-18 05:15:00+00:00,2025-11-18 06:00:00+00:00,SELL,10.0,18.48
2025-11-18 05:30:00+00:00,2025-11-18 10:00:00+00:00,BUY,10.0,113.12
2025-11-18 06:15:00+00:00,2025-11-18 07:00:00+00:00,SELL,10.0,55.05
2025-11-18 06:30:00+00:00,2025-11-18 11:00:00+00:00,BUY,10.0,48.79
2025-11-18 07:15:00+00:00,2025-11-18 08:00:00+00:00,SELL,10.0,111.78
2025-11-18 07:30:00+00:00,2025-11-18 12:00:00+00:00,BUY,10.0,42.44
2025-11-18 08:15:00+00:00,2025-11-18 09:00:00+00:00,SELL,10.0,54.34
2025-11-18 08:30:00+00:00,2025-11-18 13:00:00+00:00,BUY,10.0,41.61
2025-11-18 09:15:00+00:00,2025-11-18 10:00:00+00:00,SELL,10.0,111.67
2025-11-18 09:30:00+00:00,2025-11-18 14:00:00+00:00,BUY,10.0,171.3
2025-11-18 10:15:00+00:00,2025-11-18 11:00:00+00:00,SELL,10.0,46.48
2025-11-18 10:30:00+00:00,2025-11-18 15:00:00+00:00,BUY,10.0,50.88
2025-11-18 11:15:00+00:00,2025-11-18 12:00:00+00:00,SELL,10.0,40.86
2025-11-18 11:30:00+00:00,2025-11-18 16:00:00+00:00,BUY,10.0,208.01
2025-11-18 12:15:00+00:00,2025-11-18 13:00:00+00:00,SELL,10.0,37.4
2025-11-18 12:30:00+00:00,2025-11-18 17:00:00+00:00,BUY,10.0,60.33
2025-11-18 13:15:00+00:00,2025-11-18 14:00:00+00:00,SELL,10.0,168.92
2025-11-18 13:30:00+00:00,2025-11-18 18:00:00+00:00,BUY,10.0,378.0
2025-11-18 14:15:00+00:00,2025-11-18 15:00:00+00:00,SELL,10.0,6.73
2025-11-18 14:30:00+00:00,2025-11-18 19:00:00+00:00,BUY,10.0,180.05
2025-11-18 15:15:00+00:00,2025-11-18 16:00:00+00:00,SELL,10.0,352.27
2025-11-18 15:30:00+00:00,2025-11-18 20:00:00+00:00,BUY,10.0,50.14
2025-11-18 16:15:00+00:00,2025-11-18 17:00:00+00:00,SELL,10.0,56.99
2025-11-18 16:30:00+00:00,2025-11-18 21:00:00+00:00,BUY,10.0,49.05
2025-11-18 17:15:00+00:00,2025-11-18 18:00:00+00:00,SELL,10.0,449.92
2025-11-18 17:30:00+00:00,2025-11-18 22:00:00+00:00,BUY,10.0,36.72
2025-11-18 18:15:00+00:00,2025-11-18 19:00:00+00:00,SELL,10.0,173.92
2025-11-18 19:15:00+00:00,2025-11-18 20:00:00+00:00,SELL,10.0,48.47
2025-11-18 19:30:00+00:00,2025-11-19 00:00:00+00:00,BUY,10.0,44.73
2025-11-18 20:15:00+00:00,2025-11-18 21:00:00+00:00,SELL,10.0,48.19
2025-11-18 20:30:00+00:00,2025-11-19 01:00:00+00:00,BUY,10.0,42.79
2025-11-18 21:15:00+00:00,2025-11-18 22:00:00+00:00,SELL,10.0,40.18
2025-11-18 21:30:00+00:00,2025-11-19 02:00:00+00:00,BUY,10.0,40.66
2025-11-18 22:30:00+00:00,2025-11-19 03:00:00+00:00,BUY,10.0,54.14
2025-11-18 23:15:00+00:00,2025-11-19 00:00:00+00:00,SELL,10.0,42.87
2025-11-18 23:30:00+00:00,2025-11-19 04:00:00+00:00,BUY,10.0,207.64
2025-11-19 00:15:00+00:00,2025-11-19 01:00:00+00:00,SELL,10.0,43.46
2025-11-19 00:30:00+00:00,2025-11-19 05:00:00+00:00,BUY,10.0,83.7
2025-11-19 01:15:00+00:00,2025-11-19 02:00:00+00:00,SELL,10.0,40.41
2025-11-19 01:30:00+00:00,2025-11-19 06:00:00+00:00,BUY,10.0,129.08
2025-11-19 02:15:00+00:00,2025-11-19 03:00:00+00:00,SELL,10.0,52.09
2025-11-19 02:30:00+00:00,2025-11-19 07:00:00+00:00,BUY,10.0,91.66
2025-11-19 03:15:00+00:00,2025-11-19 04:00:00+00:00,SELL,10.0,206.28
2025-11-19 03:30:00+00:00,2025-11-19 08:00:00+00:00,BUY,10.0,66.05
2025-11-19 04:15:00+00:00,2025-11-19 05:00:00+00:00,SELL,10.0,80.62
2025-11-19 04:30:00+00:00,2025-11-19 09:00:00+00:00,BUY,10.0,61.31
2025-11-19 05:15:00+00:00,2025-11-19 06:00:00+00:00,SELL,10.0,127.71
2025-11-19 05:30:00+00:00,2025-11-19 10:00:00+00:00,BUY,10.0,62.99
2025-11-19 06:15:00+00:00,2025-11-19 07:00:00+00:00,SELL,10.0,80.39
2025-11-19 06:30:00+00:00,2025-11-19 11:00:00+00:00,BUY,10.0,28.24
2025-11-19 07:15:00+00:00,2025-11-19 08:00:00+00:00,SELL,10.0,-46.73
2025-11-19 07:30:00+00:00,2025-11-19 12:00:00+00:00,BUY,10.0,56.06
2025-11-19 08:15:00+00:00,2025-11-19 09:00:00+00:00,SELL,10.0,132.39
2025-11-19 08:30:00+00:00,2025-11-19 13:00:00+00:00,BUY,10.0,143.52
2025-11-19 09:15:00+00:00,2025-11-19 10:00:00+00:00,SELL,10.0,61.03
2025-11-19 09:30:00+00:00,2025-11-19 14:00:00+00:00,BUY,10.0,51.84
2025-11-19 10:15:00+00:00,2025-11-19 11:00:00+00:00,SELL,10.0,0.08
2025-11-19 10:30:00+00:00,2025-11-19 15:00:00+00:00,BUY,10.0,207.41
2025-11-19 11:15:00+00:00,2025-11-19 12:00:00+00:00,SELL,10.0,48.62
2025-11-19 11:30:00+00:00,2025-11-19 16:00:00+00:00,BUY,10.0,170.09
2025-11-19 12:15:00+00:00,2025-11-19 13:00:00+00:00,SELL,10.0,142.91
2025-11-19 12:30:00+00:00,2025-11-19 17:00:00+00:00,BUY,10.0,59.08
2025-11-19 13:15:00+00:00,2025-11-19 14:00:00+00:00,SELL,10.0,49.0
2025-11-19 13:30:00+00:00,2025-11-19 18:00:00+00:00,BUY,10.0,82.98
2025-11-19 14:15:00+00:00,2025-11-19 15:00:00+00:00,SELL,10.0,203.82
2025-11-19 14:30:00+00:00,2025-11-19 19:00:00+00:00,BUY,10.0,60.28
2025-11-19 15:15:00+00:00,2025-11-19 16:00:00+00:00,SELL,10.0,167.61
2025-11-19 15:30:00+00:00,2025-11-19 20:00:00+00:00,BUY,10.0,20.28
2025-11-19 16:15:00+00:00,2025-11-19 17:00:00+00:00,SELL,10.0,57.91
2025-11-19 16:30:00+00:00,2025-11-19 21:00:00+00:00,BUY,10.0,56.19
2025-11-19 17:15:00+00:00,2025-11-19 18:00:00+00:00,SELL,10.0,81.82
2025-11-19 17:30:00+00:00,2025-11-19 22:00:00+00:00,BUY,10.0,41.6
2025-11-19 18:15:00+00:00,2025-11-19 19:00:00+00:00,SELL,10.0,59.25
2025-11-19 18:30:00+00:00,2025-11-19 23:00:00+00:00,BUY,10.0,41.73
2025-11-19 19:15:00+00:00,2025-11-19 20:00:00+00:00,SELL,10.0,17.41
2025-11-19 20:15:00+00:00,2025-11-19 21:00:00+00:00,SELL,10.0,50.25
2025-11-19 21:15:00+00:00,2025-11-19 22:00:00+00:00,SELL,10.0,41.5
2025-11-19 22:15:00+00:00,2025-11-19 23:00:00+00:00,SELL,10.0,39.09
2025-11-19 22:30:00+00:00,2025-11-20 03:00:00+00:00,BUY,10.0,59.7
2025-11-19 23:30:00+00:00,2025-11-20 04:00:00+00:00,BUY,10.0,206.81
2025-11-20 00:30:00+00:00,2025-11-20 05:00:00+00:00,BUY,10.0,56.13
2025-11-20 01:30:00+00:00,2025-11-20 06:00:00+00:00,BUY,10.0,81.14
2025-11-20 02:15:00+00:00,2025-11-20 03:00:00+00:00,SELL,10.0,56.49
2025-11-20 02:30:00+00:00,2025-11-20 07:00:00+00:00,BUY,10.0,145.54
2025-11-20 03:15:00+00:00,2025-11-20 04:00:00+00:00,SELL,10.0,205.06
2025-11-20 03:30:00+00:00,2025-11-20 08:00:00+00:00,BUY,10.0,70.96
2025-11-20 04:15:00+00:00,2025-11-20 05:00:00+00:00,SELL,10.0,56.01
2025-11-20 04:30:00+00:00,2025-11-20 09:00:00+00:00,BUY,10.0,78.96
2025-11-20 05:15:00+00:00,2025-11-20 06:00:00+00:00,SELL,10.0,80.42
2025-11-20 05:30:00+00:00,2025-11-20 10:00:00+00:00,BUY,10.0,56.53
2025-11-20 06:15:00+00:00,2025-11-20 07:00:00+00:00,SELL,10.0,141.71
2025-11-20 06:30:00+00:00,2025-11-20 11:00:00+00:00,BUY,10.0,77.42
2025-11-20 07:15:00+00:00,2025-11-20 08:00:00+00:00,SELL,10.0,77.48
2025-11-20 07:30:00+00:00,2025-11-20 12:00:00+00:00,BUY,10.0,43.29
2025-11-20 08:15:00+00:00,2025-11-20 09:00:00+00:00,SELL,10.0,169.66
2025-11-20 08:30:00+00:00,2025-11-20 13:00:00+00:00,BUY,10.0,57.27
2025-11-20 09:15:00+00:00,2025-11-20 10:00:00+00:00,SELL,10.0,-29.03
2025-11-20 09:30:00+00:00,2025-11-20 14:00:00+00:00,BUY,10.0,87.02
2025-11-20 10:15:00+00:00,2025-11-20 11:00:00+00:00,SELL,10.0,77.24
2025-11-20 11:15:00+00:00,2025-11-20 12:00:00+00:00,SELL,10.0,45.27
2025-11-20 11:30:00+00:00,2025-11-20 16:00:00+00:00,BUY,10.0,339.02
2025-11-20 12:15:00+00:00,2025-11-20 13:00:00+00:00,SELL,10.0,57.53
2025-11-20 12:30:00+00:00,2025-11-20 17:00:00+00:00,BUY,10.0,225.16
2025-11-20 13:15:00+00:00,2025-11-20 14:00:00+00:00,SELL,10.0,85.38
2025-11-20 13:30:00+00:00,2025-11-20 18:00:00+00:00,BUY,10.0,104.09
2025-11-20 14:30:00+00:00,2025-11-20 19:00:00+00:00,BUY,10.0,86.35
2025-11-20 15:15:00+00:00,2025-11-20 16:00:00+00:00,SELL,10.0,339.18
2025-11-20 15:30:00+00:00,2025-11-20 20:00:00+00:00,BUY,10.0,158.54
2025-11-20 16:15:00+00:00,2025-11-20 17:00:00+00:00,SELL,10.0,288.55
2025-11-20 17:15:00+00:00,2025-11-20 18:00:00+00:00,SELL,10.0,104.35
2025-11-20 18:15:00+00:00,2025-11-20 19:00:00+00:00,SELL,10.0,83.93
2025-11-20 19:15:00+00:00,2025-11-20 20:00:00+00:00,SELL,10.0,99.17
2025-11-22 23:30:00+00:00,2025-11-23 04:00:00+00:00,BUY,10.0,65.97
2025-11-23 00:30:00+00:00,2025-11-23 05:00:00+00:00,BUY,10.0,66.08
2025-11-23 01:30:00+00:00,2025-11-23 06:00:00+00:00,BUY,10.0,85.51
2025-11-23 02:30:00+00:00,2025-11-23 07:00:00+00:00,BUY,10.0,85.07
2025-11-23 03:15:00+00:00,2025-11-23 04:00:00+00:00,SELL,10.0,63.75
2025-11-23 03:30:00+00:00,2025-11-23 08:00:00+00:00,BUY,10.0,122.86
2025-11-23 04:15:00+00:00,2025-11-23 05:00:00+00:00,SELL,10.0,64.55
2025-11-23 04:30:00+00:00,2025-11-23 09:00:00+00:00,BUY,10.0,140.12
2025-11-23 05:15:00+00:00,2025-11-23 06:00:00+00:00,SELL,10.0,179.27
2025-11-23 05:30:00+00:00,2025-11-23 10:00:00+00:00,BUY,10.0,80.85
2025-11-23 06:15:00+00:00,2025-11-23 07:00:00+00:00,SELL,10.0,64.96
2025-11-23 06:30:00+00:00,2025-11-23 11:00:00+00:00,BUY,10.0,77.15
2025-11-23 07:15:00+00:00,2025-11-23 08:00:00+00:00,SELL,10.0,108.19
2025-11-23 07:30:00+00:00,2025-11-23 12:00:00+00:00,BUY,10.0,120.59
2025-11-23 08:15:00+00:00,2025-11-23 09:00:00+00:00,SELL,10.0,122.81
2025-11-23 09:15:00+00:00,2025-11-23 10:00:00+00:00,SELL,10.0,220.89
2025-11-23 10:15:00+00:00,2025-11-23 11:00:00+00:00,SELL,10.0,32.27
2025-11-23 10:30:00+00:00,2025-11-23 15:00:00+00:00,BUY,10.0,124.01
2025-11-23 11:15:00+00:00,2025-11-23 12:00:00+00:00,SELL,10.0,106.47
2025-11-23 11:30:00+00:00,2025-11-23 16:00:00+00:00,BUY,10.0,249.09
2025-11-23 12:30:00+00:00,2025-11-23 17:00:00+00:00,BUY,10.0,101.6
2025-11-23 13:30:00+00:00,2025-11-23 18:00:00+00:00,BUY,10.0,157.85
2025-11-23 14:15:00+00:00,2025-11-23 15:00:00+00:00,SELL,10.0,118.63
2025-11-23 14:30:00+00:00,2025-11-23 19:00:00+00:00,BUY,10.0,126.15
2025-11-23 15:15:00+00:00,2025-11-23 16:00:00+00:00,SELL,10.0,239.06
2025-11-23 15:30:00+00:00,2025-11-23 20:00:00+00:00,BUY,10.0,144.05
2025-11-23 16:15:00+00:00,2025-11-23 17:00:00+00:00,SELL,10.0,96.79
2025-11-23 16:30:00+00:00,2025-11-23 21:00:00+00:00,BUY,10.0,64.7
2025-11-23 17:15:00+00:00,2025-11-23 18:00:00+00:00,SELL,10.0,225.09
2025-11-23 18:15:00+00:00,2025-11-23 19:00:00+00:00,SELL,10.0,129.76
2025-11-23 19:15:00+00:00,2025-11-23 20:00:00+00:00,SELL,10.0,141.58
2025-11-23 20:15:00+00:00,2025-11-23 21:00:00+00:00,SELL,10.0,62.4
2025-12-01 04:30:00+00:00,2025-12-01 09:00:00+00:00,BUY,10.0,61.3
2025-12-01 08:15:00+00:00,2025-12-01 09:00:00+00:00,SELL,10.0,62.91
2025-12-04 23:30:00+00:00,2025-12-05 04:00:00+00:00,BUY,10.0,82.82
2025-12-05 00:30:00+00:00,2025-12-05 05:00:00+00:00,BUY,10.0,53.49
2025-12-05 01:30:00+00:00,2025-12-05 06:00:00+00:00,BUY,10.0,60.24
2025-12-05 02:30:00+00:00,2025-12-05 07:00:00+00:00,BUY,10.0,115.91
2025-12-05 03:15:00+00:00,2025-12-05 04:00:00+00:00,SELL,10.0,81.23
2025-12-05 03:30:00+00:00,2025-12-05 08:00:00+00:00,BUY,10.0,53.02
2025-12-05 04:15:00+00:00,2025-12-05 05:00:00+00:00,SELL,10.0,50.3
2025-12-05 04:30:00+00:00,2025-12-05 09:00:00+00:00,BUY,10.0,50.16
2025-12-05 05:15:00+00:00,2025-12-05 06:00:00+00:00,SELL,10.0,56.45
2025-12-05 05:30:00+00:00,2025-12-05 10:00:00+00:00,BUY,10.0,49.35
2025-12-05 06:15:00+00:00,2025-12-05 07:00:00+00:00,SELL,10.0,115.16
2025-12-05 06:30:00+00:00,2025-12-05 11:00:00+00:00,BUY,10.0,70.54
2025-12-05 07:15:00+00:00,2025-12-05 08:00:00+00:00,SELL,10.0,49.68
2025-12-05 08:15:00+00:00,2025-12-05 09:00:00+00:00,SELL,10.0,48.72
2025-12-05 09:15:00+00:00,2025-12-05 10:00:00+00:00,SELL,10.0,47.65
2025-12-05 09:30:00+00:00,2025-12-05 14:00:00+00:00,BUY,10.0,47.13
2025-12-05 10:15:00+00:00,2025-12-05 11:00:00+00:00,SELL,10.0,67.62
2025-12-05 10:30:00+00:00,2025-12-05 15:00:00+00:00,BUY,10.0,42.28
2025-12-05 11:30:00+00:00,2025-12-05 16:00:00+00:00,BUY,10.0,94.21
2025-12-05 12:30:00+00:00,2025-12-05 17:00:00+00:00,BUY,10.0,51.56
2025-12-05 13:15:00+00:00,2025-12-05 14:00:00+00:00,SELL,10.0,44.36
2025-12-05 13:30:00+00:00,2025-12-05 18:00:00+00:00,BUY,10.0,107.18
2025-12-05 14:15:00+00:00,2025-12-05 15:00:00+00:00,SELL,10.0,-7.04
2025-12-05 14:30:00+00:00,2025-12-05 19:00:00+00:00,BUY,10.0,49.36
2025-12-05 15:15:00+00:00,2025-12-05 16:00:00+00:00,SELL,10.0,93.49
2025-12-05 15:30:00+00:00,2025-12-05 20:00:00+00:00,BUY,10.0,49.91
2025-12-05 16:15:00+00:00,2025-12-05 17:00:00+00:00,SELL,10.0,48.6
2025-12-05 16:30:00+00:00,2025-12-05 21:00:00+00:00,BUY,10.0,45.26
2025-12-05 17:15:00+00:00,2025-12-05 18:00:00+00:00,SELL,10.0,104.85
2025-12-05 17:30:00+00:00,2025-12-05 22:00:00+00:00,BUY,10.0,46.79
2025-12-05 18:15:00+00:00,2025-12-05 19:00:00+00:00,SELL,10.0,47.53
2025-12-05 19:15:00+00:00,2025-12-05 20:00:00+00:00,SELL,10.0,45.76
2025-12-05 20:15:00+00:00,2025-12-05 21:00:00+00:00,SELL,10.0,45.27
2025-12-05 21:15:00+00:00,2025-12-05 22:00:00+00:00,SELL,10.0,45.58
2025-12-06 01:30:00+00:00,2025-12-06 06:00:00+00:00,BUY,10.0,50.84
2025-12-06 02:30:00+00:00,2025-12-06 07:00:00+00:00,BUY,10.0,51.9
2025-12-06 03:30:00+00:00,2025-12-06 08:00:00+00:00,BUY,10.0,49.04
2025-12-06 04:30:00+00:00,2025-12-06 09:00:00+00:00,BUY,10.0,124.78
2025-12-06 05:15:00+00:00,2025-12-06 06:00:00+00:00,SELL,10.0,48.55
2025-12-06 06:15:00+00:00,2025-12-06 07:00:00+00:00,SELL,10.0,50.87
2025-12-06 07:15:00+00:00,2025-12-06 08:00:00+00:00,SELL,10.0,46.98
2025-12-06 08:15:00+00:00,2025-12-06 09:00:00+00:00,SELL,10.0,122.34
2025-12-06 12:30:00+00:00,2025-12-06 17:00:00+00:00,BUY,10.0,45.42
2025-12-06 13:30:00+00:00,2025-12-06 18:00:00+00:00,BUY,10.0,60.6
2025-12-06 14:30:00+00:00,2025-12-06 19:00:00+00:00,BUY,10.0,45.35
2025-12-06 15:30:00+00:00,2025-12-06 20:00:00+00:00,BUY,10.0,47.37
2025-12-06 16:15:00+00:00,2025-12-06 17:00:00+00:00,SELL,10.0,44.29
2025-12-06 17:15:00+00:00,2025-12-06 18:00:00+00:00,SELL,10.0,79.73
2025-12-06 18:15:00+00:00,2025-12-06 19:00:00+00:00,SELL,10.0,155.43
2025-12-06 19:15:00+00:00,2025-12-06 20:00:00+00:00,SELL,10.0,46.56
2025-12-13 03:30:00+00:00,2025-12-13 08:00:00+00:00,BUY,10.0,82.7
2025-12-13 04:30:00+00:00,2025-12-13 09:00:00+00:00,BUY,10.0,150.38
2025-12-13 07:15:00+00:00,2025-12-13 08:00:00+00:00,SELL,10.0,80.61
2025-12-13 08:15:00+00:00,2025-12-13 09:00:00+00:00,SELL,10.0,134.66
2025-12-13 13:30:00+00:00,2025-12-13 18:00:00+00:00,BUY,10.0,140.83
2025-12-13 17:15:00+00:00,2025-12-13 18:00:00+00:00,SELL,10.0,134.69
2025-12-28 02:30:00+00:00,2025-12-28 07:00:00+00:00,BUY,10.0,147.23
2025-12-28 06:15:00+00:00,2025-12-28 07:00:00+00:00,SELL,10.0,149.84
2025-12-29 00:30:00+00:00,2025-12-29 05:00:00+00:00,BUY,10.0,45.62
2025-12-29 01:30:00+00:00,2025-12-29 06:00:00+00:00,BUY,10.0,53.3
2025-12-29 02:30:00+00:00,2025-12-29 07:00:00+00:00,BUY,10.0,60.68
2025-12-29 03:30:00+00:00,2025-12-29 08:00:00+00:00,BUY,10.0,67.22
2025-12-29 04:15:00+00:00,2025-12-29 05:00:00+00:00,SELL,10.0,43.9
2025-12-29 04:30:00+00:00,2025-12-29 09:00:00+00:00,BUY,10.0,46.22
2025-12-29 05:15:00+00:00,2025-12-29 06:00:00+00:00,SELL,10.0,167.75
2025-12-29 05:30:00+00:00,2025-12-29 10:00:00+00:00,BUY,10.0,46.41
2025-12-29 06:15:00+00:00,2025-12-29 07:00:00+00:00,SELL,10.0,53.7
2025-12-29 06:30:00+00:00,2025-12-29 11:00:00+00:00,BUY,10.0,45.88
2025-12-29 07:15:00+00:00,2025-12-29 08:00:00+00:00,SELL,10.0,66.59
2025-12-29 07:30:00+00:00,2025-12-29 12:00:00+00:00,BUY,10.0,43.61
2025-12-29 08:15:00+00:00,2025-12-29 09:00:00+00:00,SELL,10.0,70.12
2025-12-29 08:30:00+00:00,2025-12-29 13:00:00+00:00,BUY,10.0,114.28
2025-12-29 09:15:00+00:00,2025-12-29 10:00:00+00:00,SELL,10.0,46.72
2025-12-29 10:15:00+00:00,2025-12-29 11:00:00+00:00,SELL,10.0,44.2
2025-12-29 11:15:00+00:00,2025-12-29 12:00:00+00:00,SELL,10.0,42.44
2025-12-29 11:30:00+00:00,2025-12-29 16:00:00+00:00,BUY,10.0,46.62
2025-12-29 12:15:00+00:00,2025-12-29 13:00:00+00:00,SELL,10.0,114.57
2025-12-29 12:30:00+00:00,2025-12-29 17:00:00+00:00,BUY,10.0,51.71
2025-12-29 13:30:00+00:00,2025-12-29 18:00:00+00:00,BUY,10.0,53.51
2025-12-29 14:30:00+00:00,2025-12-29 19:00:00+00:00,BUY,10.0,184.54
2025-12-29 15:15:00+00:00,2025-12-29 16:00:00+00:00,SELL,10.0,43.97
2025-12-29 16:15:00+00:00,2025-12-29 17:00:00+00:00,SELL,10.0,49.81
2025-12-29 16:30:00+00:00,2025-12-29 21:00:00+00:00,BUY,10.0,42.81
2025-12-29 17:15:00+00:00,2025-12-29 18:00:00+00:00,SELL,10.0,50.13
2025-12-29 18:15:00+00:00,2025-12-29 19:00:00+00:00,SELL,10.0,236.51
2025-12-29 20:15:00+00:00,2025-12-29 21:00:00+00:00,SELL,10.0,39.07
2025-12-30 01:30:00+00:00,2025-12-30 06:00:00+00:00,BUY,10.0,71.5
2025-12-30 02:30:00+00:00,2025-12-30 07:00:00+00:00,BUY,10.0,60.63
2025-12-30 03:30:00+00:00,2025-12-30 08:00:00+00:00,BUY,10.0,65.2
2025-12-30 04:30:00+00:00,2025-12-30 09:00:00+00:00,BUY,10.0,66.34
2025-12-30 05:15:00+00:00,2025-12-30 06:00:00+00:00,SELL,10.0,74.74
2025-12-30 05:30:00+00:00,2025-12-30 10:00:00+00:00,BUY,10.0,118.53
2025-12-30 06:15:00+00:00,2025-12-30 07:00:00+00:00,SELL,10.0,67.5
2025-12-30 06:30:00+00:00,2025-12-30 11:00:00+00:00,BUY,10.0,68.49
2025-12-30 07:15:00+00:00,2025-12-30 08:00:00+00:00,SELL,10.0,69.36
2025-12-30 08:15:00+00:00,2025-12-30 09:00:00+00:00,SELL,10.0,70.69
2025-12-30 08:30:00+00:00,2025-12-30 13:00:00+00:00,BUY,10.0,52.92
2025-12-30 09:15:00+00:00,2025-12-30 10:00:00+00:00,SELL,10.0,118.63
2025-12-30 10:15:00+00:00,2025-12-30 11:00:00+00:00,SELL,10.0,71.11
2025-12-30 10:30:00+00:00,2025-12-30 15:00:00+00:00,BUY,10.0,65.33
2025-12-30 11:30:00+00:00,2025-12-30 16:00:00+00:00,BUY,10.0,148.29
2025-12-30 12:15:00+00:00,2025-12-30 13:00:00+00:00,SELL,10.0,52.44
2025-12-30 12:30:00+00:00,2025-12-30 17:00:00+00:00,BUY,10.0,118.52
2025-12-30 13:30:00+00:00,2025-12-30 18:00:00+00:00,BUY,10.0,234.02
2025-12-30 14:15:00+00:00,2025-12-30 15:00:00+00:00,SELL,10.0,179.02
2025-12-30 14:30:00+00:00,2025-12-30 19:00:00+00:00,BUY,10.0,219.18
2025-12-30 15:15:00+00:00,2025-12-30 16:00:00+00:00,SELL,10.0,154.69
2025-12-30 16:15:00+00:00,2025-12-30 17:00:00+00:00,SELL,10.0,206.47
2025-12-30 17:15:00+00:00,2025-12-30 18:00:00+00:00,SELL,10.0,230.91
2025-12-30 18:15:00+00:00,2025-12-30 19:00:00+00:00,SELL,10.0,212.05
2026-01-04 02:30:00+00:00,2026-01-04 07:00:00+00:00,BUY,10.0,205.06
2026-01-04 03:30:00+00:00,2026-01-04 08:00:00+00:00,BUY,10.0,85.06
2026-01-04 06:15:00+00:00,2026-01-04 07:00:00+00:00,SELL,10.0,301.51
2026-01-04 07:15:00+00:00,2026-01-04 08:00:00+00:00,SELL,10.0,85.76
2026-01-15 04:30:00+00:00,2026-01-15 09:00:00+00:00,BUY,10.0,62.19
2026-01-15 08:15:00+00:00,2026-01-15 09:00:00+00:00,SELL,10.0,134.34
2026-01-17 01:30:00+00:00,2026-01-17 06:00:00+00:00,BUY,10.0,52.24
2026-01-17 05:15:00+00:00,2026-01-17 06:00:00+00:00,SELL,10.0,44.7
2026-01-18 01:30:00+00:00,2026-01-18 06:00:00+00:00,BUY,10.0,38.81
2026-01-18 03:30:00+00:00,2026-01-18 08:00:00+00:00,BUY,10.0,43.45
2026-01-18 04:30:00+00:00,2026-01-18 09:00:00+00:00,BUY,10.0,265.43
2026-01-18 05:15:00+00:00,2026-01-18 06:00:00+00:00,SELL,10.0,37.52
2026-01-18 05:30:00+00:00,2026-01-18 10:00:00+00:00,BUY,10.0,153.2
2026-01-18 07:15:00+00:00,2026-01-18 08:00:00+00:00,SELL,10.0,41.73
2026-01-18 08:15:00+00:00,2026-01-18 09:00:00+00:00,SELL,10.0,260.76
2026-01-18 09:15:00+00:00,2026-01-18 10:00:00+00:00,SELL,10.0,149.67
2026-01-18 10:30:00+00:00,2026-01-18 15:00:00+00:00,BUY,10.0,36.88
2026-01-18 12:30:00+00:00,2026-01-18 17:00:00+00:00,BUY,10.0,64.66
2026-01-18 13:30:00+00:00,2026-01-18 18:00:00+00:00,BUY,10.0,39.94
2026-01-18 14:15:00+00:00,2026-01-18 15:00:00+00:00,SELL,10.0,32.57
2026-01-18 16:15:00+00:00,2026-01-18 17:00:00+00:00,SELL,10.0,60.68
2026-01-18 17:15:00+00:00,2026-01-18 18:00:00+00:00,SELL,10.0,38.89
2026-01-25 03:30:00+00:00,2026-01-25 08:00:00+00:00,BUY,10.0,87.56
2026-01-25 04:30:00+00:00,2026-01-25 09:00:00+00:00,BUY,10.0,133.17
2026-01-25 06:30:00+00:00,2026-01-25 11:00:00+00:00,BUY,10.0,113.92
2026-01-25 07:15:00+00:00,2026-01-25 08:00:00+00:00,SELL,10.0,88.34
2026-01-25 08:15:00+00:00,2026-01-25 09:00:00+00:00,SELL,10.0,181.6
2026-01-25 10:15:00+00:00,2026-01-25 11:00:00+00:00,SELL,10.0,105.21
2026-01-28 01:30:00+00:00,2026-01-28 06:00:00+00:00,BUY,10.0,69.95
2026-01-28 04:30:00+00:00,2026-01-28 09:00:00+00:00,BUY,10.0,-4.23
2026-01-28 05:15:00+00:00,2026-01-28 06:00:00+00:00,SELL,10.0,69.49
2026-01-28 06:30:00+00:00,2026-01-28 11:00:00+00:00,BUY,10.0,129.5
2026-01-28 08:15:00+00:00,2026-01-28 09:00:00+00:00,SELL,10.0,-4.92
2026-01-28 10:15:00+00:00,2026-01-28 11:00:00+00:00,SELL,10.0,130.1
2026-01-28 13:30:00+00:00,2026-01-28 18:00:00+00:00,BUY,10.0,83.31
2026-01-28 14:30:00+00:00,2026-01-28 19:00:00+00:00,BUY,10.0,214.35
2026-01-28 17:15:00+00:00,2026-01-28 18:00:00+00:00,SELL,10.0,78.46
2026-01-28 18:15:00+00:00,2026-01-28 19:00:00+00:00,SELL,10.0,269.01
2026-02-01 23:30:00+00:00,2026-02-02 04:00:00+00:00,BUY,10.0,54.24
2026-02-02 00:30:00+00:00,2026-02-02 05:00:00+00:00,BUY,10.0,64.6
2026-02-02 01:30:00+00:00,2026-02-02 06:00:00+00:00,BUY,10.0,320.87
2026-02-02 02:30:00+00:00,2026-02-02 07:00:00+00:00,BUY,10.0,54.56
2026-02-02 03:15:00+00:00,2026-02-02 04:00:00+00:00,SELL,10.0,52.32
2026-02-02 03:30:00+00:00,2026-02-02 08:00:00+00:00,BUY,10.0,62.77
2026-02-02 04:15:00+00:00,2026-02-02 05:00:00+00:00,SELL,10.0,63.3
2026-02-02 04:30:00+00:00,2026-02-02 09:00:00+00:00,BUY,10.0,87.58
2026-02-02 05:15:00+00:00,2026-02-02 06:00:00+00:00,SELL,10.0,313.63
2026-02-02 05:30:00+00:00,2026-02-02 10:00:00+00:00,BUY,10.0,69.51
2026-02-02 06:15:00+00:00,2026-02-02 07:00:00+00:00,SELL,10.0,51.05
2026-02-02 06:30:00+00:00,2026-02-02 11:00:00+00:00,BUY,10.0,52.62
2026-02-02 07:15:00+00:00,2026-02-02 08:00:00+00:00,SELL,10.0,61.44
2026-02-02 07:30:00+00:00,2026-02-02 12:00:00+00:00,BUY,10.0,49.48
2026-02-02 08:15:00+00:00,2026-02-02 09:00:00+00:00,SELL,10.0,77.78
2026-02-02 08:30:00+00:00,2026-02-02 13:00:00+00:00,BUY,10.0,55.86
2026-02-02 09:15:00+00:00,2026-02-02 10:00:00+00:00,SELL,10.0,64.16
2026-02-02 10:15:00+00:00,2026-02-02 11:00:00+00:00,SELL,10.0,48.41
2026-02-02 10:30:00+00:00,2026-02-02 15:00:00+00:00,BUY,10.0,51.51
2026-02-02 11:15:00+00:00,2026-02-02 12:00:00+00:00,SELL,10.0,47.62
2026-02-02 12:15:00+00:00,2026-02-02 13:00:00+00:00,SELL,10.0,52.61
2026-02-02 12:30:00+00:00,2026-02-02 17:00:00+00:00,BUY,10.0,66.11
2026-02-02 13:30:00+00:00,2026-02-02 18:00:00+00:00,BUY,10.0,90.45
2026-02-02 14:15:00+00:00,2026-02-02 15:00:00+00:00,SELL,10.0,48.75
2026-02-02 14:30:00+00:00,2026-02-02 19:00:00+00:00,BUY,10.0,79.45
2026-02-02 15:30:00+00:00,2026-02-02 20:00:00+00:00,BUY,10.0,63.83
2026-02-02 16:15:00+00:00,2026-02-02 17:00:00+00:00,SELL,10.0,60.43
2026-02-02 16:30:00+00:00,2026-02-02 21:00:00+00:00,BUY,10.0,53.88
2026-02-02 17:15:00+00:00,2026-02-02 18:00:00+00:00,SELL,10.0,93.88
2026-02-02 18:15:00+00:00,2026-02-02 19:00:00+00:00,SELL,10.0,72.59
2026-02-02 19:15:00+00:00,2026-02-02 20:00:00+00:00,SELL,10.0,118.23
2026-02-02 19:30:00+00:00,2026-02-03 00:00:00+00:00,BUY,10.0,33.16
2026-02-02 20:15:00+00:00,2026-02-02 21:00:00+00:00,SELL,10.0,49.74
2026-02-02 20:30:00+00:00,2026-02-03 01:00:00+00:00,BUY,10.0,30.5
2026-02-02 21:30:00+00:00,2026-02-03 02:00:00+00:00,BUY,10.0,31.98
2026-02-02 22:30:00+00:00,2026-02-03 03:00:00+00:00,BUY,10.0,32.37
2026-02-02 23:15:00+00:00,2026-02-03 00:00:00+00:00,SELL,10.0,29.16
2026-02-02 23:30:00+00:00,2026-02-03 04:00:00+00:00,BUY,10.0,39.47
2026-02-03 00:15:00+00:00,2026-02-03 01:00:00+00:00,SELL,10.0,24.24
2026-02-03 00:30:00+00:00,2026-02-03 05:00:00+00:00,BUY,10.0,39.02
2026-02-03 01:15:00+00:00,2026-02-03 02:00:00+00:00,SELL,10.0,27.23
2026-02-03 01:30:00+00:00,2026-02-03 06:00:00+00:00,BUY,10.0,42.04
2026-02-03 02:15:00+00:00,2026-02-03 03:00:00+00:00,SELL,10.0,27.46
2026-02-03 02:30:00+00:00,2026-02-03 07:00:00+00:00,BUY,10.0,45.84
2026-02-03 03:15:00+00:00,2026-02-03 04:00:00+00:00,SELL,10.0,36.03
2026-02-03 03:30:00+00:00,2026-02-03 08:00:00+00:00,BUY,10.0,190.94
2026-02-03 04:15:00+00:00,2026-02-03 05:00:00+00:00,SELL,10.0,33.3
2026-02-03 04:30:00+00:00,2026-02-03 09:00:00+00:00,BUY,10.0,122.87
2026-02-03 05:15:00+00:00,2026-02-03 06:00:00+00:00,SELL,10.0,36.54
2026-02-03 05:30:00+00:00,2026-02-03 10:00:00+00:00,BUY,10.0,47.11
2026-02-03 06:15:00+00:00,2026-02-03 07:00:00+00:00,SELL,10.0,38.61
2026-02-03 06:30:00+00:00,2026-02-03 11:00:00+00:00,BUY,10.0,47.52
2026-02-03 07:15:00+00:00,2026-02-03 08:00:00+00:00,SELL,10.0,249.31
2026-02-03 07:30:00+00:00,2026-02-03 12:00:00+00:00,BUY,10.0,66.3
2026-02-03 08:15:00+00:00,2026-02-03 09:00:00+00:00,SELL,10.0,116.12
2026-02-03 08:30:00+00:00,2026-02-03 13:00:00+00:00,BUY,10.0,38.52
2026-02-03 09:15:00+00:00,2026-02-03 10:00:00+00:00,SELL,10.0,40.21
2026-02-03 09:30:00+00:00,2026-02-03 14:00:00+00:00,BUY,10.0,37.35
2026-02-03 10:15:00+00:00,2026-02-03 11:00:00+00:00,SELL,10.0,138.66
2026-02-03 10:30:00+00:00,2026-02-03 15:00:00+00:00,BUY,10.0,38.15
2026-02-03 11:15:00+00:00,2026-02-03 12:00:00+00:00,SELL,10.0,61.65
2026-02-03 11:30:00+00:00,2026-02-03 16:00:00+00:00,BUY,10.0,115.76
2026-02-03 12:15:00+00:00,2026-02-03 13:00:00+00:00,SELL,10.0,35.59
2026-02-03 12:30:00+00:00,2026-02-03 17:00:00+00:00,BUY,10.0,35.39
2026-02-03 13:15:00+00:00,2026-02-03 14:00:00+00:00,SELL,10.0,33.13
2026-02-03 13:30:00+00:00,2026-02-03 18:00:00+00:00,BUY,10.0,50.97
2026-02-03 14:15:00+00:00,2026-02-03 15:00:00+00:00,SELL,10.0,35.63
2026-02-03 14:30:00+00:00,2026-02-03 19:00:00+00:00,BUY,10.0,40.89
2026-02-03 15:15:00+00:00,2026-02-03 16:00:00+00:00,SELL,10.0,110.75
2026-02-03 15:30:00+00:00,2026-02-03 20:00:00+00:00,BUY,10.0,36.06
2026-02-03 16:15:00+00:00,2026-02-03 17:00:00+00:00,SELL,10.0,31.17
2026-02-03 16:30:00+00:00,2026-02-03 21:00:00+00:00,BUY,10.0,33.89
2026-02-03 17:15:00+00:00,2026-02-03 18:00:00+00:00,SELL,10.0,157.21
2026-02-03 17:30:00+00:00,2026-02-03 22:00:00+00:00,BUY,10.0,32.89
2026-02-03 18:15:00+00:00,2026-02-03 19:00:00+00:00,SELL,10.0,37.41
2026-02-03 18:30:00+00:00,2026-02-03 23:00:00+00:00,BUY,10.0,32.17
2026-02-03 19:15:00+00:00,2026-02-03 20:00:00+00:00,SELL,10.0,31.56
2026-02-03 20:15:00+00:00,2026-02-03 21:00:00+00:00,SELL,10.0,31.4
2026-02-03 21:15:00+00:00,2026-02-03 22:00:00+00:00,SELL,10.0,26.61
2026-02-03 22:15:00+00:00,2026-02-03 23:00:00+00:00,SELL,10.0,27.44
2026-02-06 02:30:00+00:00,2026-02-06 07:00:00+00:00,BUY,10.0,162.31
2026-02-06 04:30:00+00:00,2026-02-06 09:00:00+00:00,BUY,10.0,78.09
2026-02-06 05:30:00+00:00,2026-02-06 10:00:00+00:00,BUY,10.0,121.25
2026-02-06 06:15:00+00:00,2026-02-06 07:00:00+00:00,SELL,10.0,150.23
2026-02-06 06:30:00+00:00,2026-02-06 11:00:00+00:00,BUY,10.0,71.83
2026-02-06 07:30:00+00:00,2026-02-06 12:00:00+00:00,BUY,10.0,29.35
2026-02-06 08:15:00+00:00,2026-02-06 09:00:00+00:00,SELL,10.0,62.46
2026-02-06 09:15:00+00:00,2026-02-06 10:00:00+00:00,SELL,10.0,116.35
2026-02-06 10:15:00+00:00,2026-02-06 11:00:00+00:00,SELL,10.0,60.8
2026-02-06 11:15:00+00:00,2026-02-06 12:00:00+00:00,SELL,10.0,13.55
2026-02-06 12:30:00+00:00,2026-02-06 17:00:00+00:00,BUY,10.0,51.32
2026-02-06 16:15:00+00:00,2026-02-06 17:00:00+00:00,SELL,10.0,38.17
2026-02-06 19:30:00+00:00,2026-02-07 00:00:00+00:00,BUY,10.0,52.23
2026-02-06 20:30:00+00:00,2026-02-07 01:00:00+00:00,BUY,10.0,54.82
2026-02-06 21:30:00+00:00,2026-02-07 02:00:00+00:00,BUY,10.0,57.84
2026-02-06 22:30:00+00:00,2026-02-07 03:00:00+00:00,BUY,10.0,150.33
2026-02-06 23:15:00+00:00,2026-02-07 00:00:00+00:00,SELL,10.0,49.84
2026-02-06 23:30:00+00:00,2026-02-07 04:00:00+00:00,BUY,10.0,113.17
2026-02-07 00:15:00+00:00,2026-02-07 01:00:00+00:00,SELL,10.0,52.96
2026-02-07 00:30:00+00:00,2026-02-07 05:00:00+00:00,BUY,10.0,154.91
2026-02-07 01:15:00+00:00,2026-02-07 02:00:00+00:00,SELL,10.0,59.85
2026-02-07 01:30:00+00:00,2026-02-07 06:00:00+00:00,BUY,10.0,77.06
2026-02-07 02:15:00+00:00,2026-02-07 03:00:00+00:00,SELL,10.0,148.5
2026-02-07 02:30:00+00:00,2026-02-07 07:00:00+00:00,BUY,10.0,77.44
2026-02-07 03:15:00+00:00,2026-02-07 04:00:00+00:00,SELL,10.0,136.98
2026-02-07 03:30:00+00:00,2026-02-07 08:00:00+00:00,BUY,10.0,81.52
2026-02-07 04:15:00+00:00,2026-02-07 05:00:00+00:00,SELL,10.0,145.91
2026-02-07 04:30:00+00:00,2026-02-07 09:00:00+00:00,BUY,10.0,92.15
2026-02-07 05:15:00+00:00,2026-02-07 06:00:00+00:00,SELL,10.0,72.37
2026-02-07 05:30:00+00:00,2026-02-07 10:00:00+00:00,BUY,10.0,89.11
2026-02-07 06:15:00+00:00,2026-02-07 07:00:00+00:00,SELL,10.0,75.18
2026-02-07 06:30:00+00:00,2026-02-07 11:00:00+00:00,BUY,10.0,96.26
2026-02-07 07:15:00+00:00,2026-02-07 08:00:00+00:00,SELL,10.0,85.23
2026-02-07 07:30:00+00:00,2026-02-07 12:00:00+00:00,BUY,10.0,67.09
2026-02-07 08:15:00+00:00,2026-02-07 09:00:00+00:00,SELL,10.0,88.67
2026-02-07 08:30:00+00:00,2026-02-07 13:00:00+00:00,BUY,10.0,86.41
2026-02-07 09:15:00+00:00,2026-02-07 10:00:00+00:00,SELL,10.0,88.66
2026-02-07 09:30:00+00:00,2026-02-07 14:00:00+00:00,BUY,10.0,90.28
2026-02-07 10:15:00+00:00,2026-02-07 11:00:00+00:00,SELL,10.0,90.19
2026-02-07 10:30:00+00:00,2026-02-07 15:00:00+00:00,BUY,10.0,69.38
2026-02-07 11:15:00+00:00,2026-02-07 12:00:00+00:00,SELL,10.0,63.42
2026-02-07 11:30:00+00:00,2026-02-07 16:00:00+00:00,BUY,10.0,82.46
2026-02-07 12:15:00+00:00,2026-02-07 13:00:00+00:00,SELL,10.0,74.18
2026-02-07 12:30:00+00:00,2026-02-07 17:00:00+00:00,BUY,10.0,154.55
2026-02-07 13:15:00+00:00,2026-02-07 14:00:00+00:00,SELL,10.0,81.52
2026-02-07 13:30:00+00:00,2026-02-07 18:00:00+00:00,BUY,10.0,88.62
2026-02-07 14:15:00+00:00,2026-02-07 15:00:00+00:00,SELL,10.0,64.63
2026-02-07 14:30:00+00:00,2026-02-07 19:00:00+00:00,BUY,10.0,140.34
2026-02-07 15:15:00+00:00,2026-02-07 16:00:00+00:00,SELL,10.0,75.19
2026-02-07 15:30:00+00:00,2026-02-07 20:00:00+00:00,BUY,10.0,183.35
2026-02-07 16:15:00+00:00,2026-02-07 17:00:00+00:00,SELL,10.0,148.97
2026-02-07 16:30:00+00:00,2026-02-07 21:00:00+00:00,BUY,10.0,70.44
2026-02-07 17:15:00+00:00,2026-02-07 18:00:00+00:00,SELL,10.0,88.03
2026-02-07 17:30:00+00:00,2026-02-07 22:00:00+00:00,BUY,10.0,48.66
2026-02-07 18:15:00+00:00,2026-02-07 19:00:00+00:00,SELL,10.0,142.22
2026-02-07 18:30:00+00:00,2026-02-07 23:00:00+00:00,BUY,10.0,81.23
2026-02-07 19:15:00+00:00,2026-02-07 20:00:00+00:00,SELL,10.0,180.77
2026-02-07 20:15:00+00:00,2026-02-07 21:00:00+00:00,SELL,10.0,69.58
2026-02-07 21:15:00+00:00,2026-02-07 22:00:00+00:00,SELL,10.0,47.31
2026-02-07 22:15:00+00:00,2026-02-07 23:00:00+00:00,SELL,10.0,119.01
2026-02-08 01:30:00+00:00,2026-02-08 06:00:00+00:00,BUY,10.0,49.97
2026-02-08 02:30:00+00:00,2026-02-08 07:00:00+00:00,BUY,10.0,59.72
2026-02-08 03:30:00+00:00,2026-02-08 08:00:00+00:00,BUY,10.0,-24.31
2026-02-08 04:30:00+00:00,2026-02-08 09:00:00+00:00,BUY,10.0,55.27
2026-02-08 05:15:00+00:00,2026-02-08 06:00:00+00:00,SELL,10.0,49.45
2026-02-08 06:15:00+00:00,2026-02-08 07:00:00+00:00,SELL,10.0,61.07
2026-02-08 07:15:00+00:00,2026-02-08 08:00:00+00:00,SELL,10.0,-25.46
2026-02-08 07:30:00+00:00,2026-02-08 12:00:00+00:00,BUY,10.0,151.24
2026-02-08 08:15:00+00:00,2026-02-08 09:00:00+00:00,SELL,10.0,152.4
2026-02-08 11:15:00+00:00,2026-02-08 12:00:00+00:00,SELL,10.0,150.44
2026-02-08 12:30:00+00:00,2026-02-08 17:00:00+00:00,BUY,10.0,54.13
2026-02-08 13:30:00+00:00,2026-02-08 18:00:00+00:00,BUY,10.0,56.53
2026-02-08 14:30:00+00:00,2026-02-08 19:00:00+00:00,BUY,10.0,59.7
2026-02-08 16:15:00+00:00,2026-02-08 17:00:00+00:00,SELL,10.0,53.47
2026-02-08 17:15:00+00:00,2026-02-08 18:00:00+00:00,SELL,10.0,54.67
2026-02-08 18:15:00+00:00,2026-02-08 19:00:00+00:00,SELL,10.0,59.06
2026-02-09 02:30:00+00:00,2026-02-09 07:00:00+00:00,BUY,10.0,64.84
2026-02-09 06:15:00+00:00,2026-02-09 07:00:00+00:00,SELL,10.0,21.83
2026-02-09 14:30:00+00:00,2026-02-09 19:00:00+00:00,BUY,10.0,146.95
2026-02-09 18:15:00+00:00,2026-02-09 19:00:00+00:00,SELL,10.0,142.45
2026-02-10 00:30:00+00:00,2026-02-10 05:00:00+00:00,BUY,10.0,418.9
2026-02-10 01:30:00+00:00,2026-02-10 06:00:00+00:00,BUY,10.0,74.65
2026-02-10 02:30:00+00:00,2026-02-10 07:00:00+00:00,BUY,10.0,191.46
2026-02-10 03:30:00+00:00,2026-02-10 08:00:00+00:00,BUY,10.0,115.88
2026-02-10 04:15:00+00:00,2026-02-10 05:00:00+00:00,SELL,10.0,406.45
2026-02-10 04:30:00+00:00,2026-02-10 09:00:00+00:00,BUY,10.0,89.18
2026-02-10 05:15:00+00:00,2026-02-10 06:00:00+00:00,SELL,10.0,64.71
2026-02-10 05:30:00+00:00,2026-02-10 10:00:00+00:00,BUY,10.0,65.55
2026-02-10 06:15:00+00:00,2026-02-10 07:00:00+00:00,SELL,10.0,155.63
2026-02-10 06:30:00+00:00,2026-02-10 11:00:00+00:00,BUY,10.0,79.0
2026-02-10 07:15:00+00:00,2026-02-10 08:00:00+00:00,SELL,10.0,81.03
2026-02-10 07:30:00+00:00,2026-02-10 12:00:00+00:00,BUY,10.0,64.52
2026-02-10 08:15:00+00:00,2026-02-10 09:00:00+00:00,SELL,10.0,58.12
2026-02-10 08:30:00+00:00,2026-02-10 13:00:00+00:00,BUY,10.0,66.77
2026-02-10 09:15:00+00:00,2026-02-10 10:00:00+00:00,SELL,10.0,132.26
2026-02-10 10:15:00+00:00,2026-02-10 11:00:00+00:00,SELL,10.0,62.77
2026-02-10 10:30:00+00:00,2026-02-10 15:00:00+00:00,BUY,10.0,64.07
2026-02-10 11:15:00+00:00,2026-02-10 12:00:00+00:00,SELL,10.0,57.14
2026-02-10 11:30:00+00:00,2026-02-10 16:00:00+00:00,BUY,10.0,70.36
2026-02-10 12:15:00+00:00,2026-02-10 13:00:00+00:00,SELL,10.0,52.8
2026-02-10 12:30:00+00:00,2026-02-10 17:00:00+00:00,BUY,10.0,188.65
2026-02-10 13:30:00+00:00,2026-02-10 18:00:00+00:00,BUY,10.0,74.84
2026-02-10 14:15:00+00:00,2026-02-10 15:00:00+00:00,SELL,10.0,63.13
2026-02-10 14:30:00+00:00,2026-02-10 19:00:00+00:00,BUY,10.0,66.58
2026-02-10 15:15:00+00:00,2026-02-10 16:00:00+00:00,SELL,10.0,194.87
2026-02-10 16:15:00+00:00,2026-02-10 17:00:00+00:00,SELL,10.0,174.8
2026-02-10 17:15:00+00:00,2026-02-10 18:00:00+00:00,SELL,10.0,136.5
2026-02-10 18:15:00+00:00,2026-02-10 19:00:00+00:00,SELL,10.0,51.25
2026-02-12 03:30:00+00:00,2026-02-12 08:00:00+00:00,BUY,10.0,119.38
2026-02-12 07:15:00+00:00,2026-02-12 08:00:00+00:00,SELL,10.0,195.18
2026-02-17 01:30:00+00:00,2026-02-17 06:00:00+00:00,BUY,10.0,155.49
2026-02-17 03:30:00+00:00,2026-02-17 08:00:00+00:00,BUY,10.0,149.08
2026-02-17 04:30:00+00:00,2026-02-17 09:00:00+00:00,BUY,10.0,10.99
2026-02-17 05:15:00+00:00,2026-02-17 06:00:00+00:00,SELL,10.0,148.36
2026-02-17 07:15:00+00:00,2026-02-17 08:00:00+00:00,SELL,10.0,147.93
2026-02-17 08:15:00+00:00,2026-02-17 09:00:00+00:00,SELL,10.0,0.11
2026-02-17 13:30:00+00:00,2026-02-17 18:00:00+00:00,BUY,10.0,59.13
2026-02-17 17:15:00+00:00,2026-02-17 18:00:00+00:00,SELL,10.0,56.43
2026-02-18 03:30:00+00:00,2026-02-18 08:00:00+00:00,BUY,10.0,169.84
2026-02-18 07:15:00+00:00,2026-02-18 08:00:00+00:00,SELL,10.0,112.18
2026-02-20 22:30:00+00:00,2026-02-21 03:00:00+00:00,BUY,10.0,201.07
2026-02-21 00:30:00+00:00,2026-02-21 05:00:00+00:00,BUY,10.0,81.02
2026-02-21 01:30:00+00:00,2026-02-21 06:00:00+00:00,BUY,10.0,63.58
2026-02-21 02:15:00+00:00,2026-02-21 03:00:00+00:00,SELL,10.0,196.36
2026-02-21 02:30:00+00:00,2026-02-21 07:00:00+00:00,BUY,10.0,122.09
2026-02-21 03:30:00+00:00,2026-02-21 08:00:00+00:00,BUY,10.0,193.3
2026-02-21 04:15:00+00:00,2026-02-21 05:00:00+00:00,SELL,10.0,77.67
2026-02-21 04:30:00+00:00,2026-02-21 09:00:00+00:00,BUY,10.0,97.46
2026-02-21 05:15:00+00:00,2026-02-21 06:00:00+00:00,SELL,10.0,63.12
2026-02-21 05:30:00+00:00,2026-02-21 10:00:00+00:00,BUY,10.0,246.42
2026-02-21 06:15:00+00:00,2026-02-21 07:00:00+00:00,SELL,10.0,120.37
2026-02-21 06:30:00+00:00,2026-02-21 11:00:00+00:00,BUY,10.0,-22.82
2026-02-21 07:15:00+00:00,2026-02-21 08:00:00+00:00,SELL,10.0,314.59
2026-02-21 08:15:00+00:00,2026-02-21 09:00:00+00:00,SELL,10.0,164.48
2026-02-21 09:15:00+00:00,2026-02-21 10:00:00+00:00,SELL,10.0,233.28
2026-02-21 10:15:00+00:00,2026-02-21 11:00:00+00:00,SELL,10.0,-35.36
2026-02-21 12:30:00+00:00,2026-02-21 17:00:00+00:00,BUY,10.0,65.29
2026-02-21 13:30:00+00:00,2026-02-21 18:00:00+00:00,BUY,10.0,101.82
2026-02-21 14:30:00+00:00,2026-02-21 19:00:00+00:00,BUY,10.0,70.13
2026-02-21 16:15:00+00:00,2026-02-21 17:00:00+00:00,SELL,10.0,66.0
2026-02-21 17:15:00+00:00,2026-02-21 18:00:00+00:00,SELL,10.0,101.9
2026-02-21 18:15:00+00:00,2026-02-21 19:00:00+00:00,SELL,10.0,69.14
2026-02-22 15:30:00+00:00,2026-02-22 20:00:00+00:00,BUY,10.0,58.52
2026-02-22 19:15:00+00:00,2026-02-22 20:00:00+00:00,SELL,10.0,62.29
2026-02-24 03:30:00+00:00,2026-02-24 08:00:00+00:00,BUY,10.0,341.79
2026-02-24 07:15:00+00:00,2026-02-24 08:00:00+00:00,SELL,10.0,348.48
2026-02-24 12:30:00+00:00,2026-02-24 17:00:00+00:00,BUY,10.0,82.13
2026-02-24 13:30:00+00:00,2026-02-24 18:00:00+00:00,BUY,10.0,168.63
2026-02-24 16:15:00+00:00,2026-02-24 17:00:00+00:00,SELL,10.0,86.43
2026-02-24 17:15:00+00:00,2026-02-24 18:00:00+00:00,SELL,10.0,117.54
2026-02-25 00:30:00+00:00,2026-02-25 05:00:00+00:00,BUY,10.0,115.3
2026-02-25 01:30:00+00:00,2026-02-25 06:00:00+00:00,BUY,10.0,94.4
2026-02-25 02:30:00+00:00,2026-02-25 07:00:00+00:00,BUY,10.0,287.13
2026-02-25 03:30:00+00:00,2026-02-25 08:00:00+00:00,BUY,10.0,148.48
2026-02-25 04:15:00+00:00,2026-02-25 05:00:00+00:00,SELL,10.0,95.79
2026-02-25 04:30:00+00:00,2026-02-25 09:00:00+00:00,BUY,10.0,99.55
2026-02-25 05:15:00+00:00,2026-02-25 06:00:00+00:00,SELL,10.0,77.53
2026-02-25 05:30:00+00:00,2026-02-25 10:00:00+00:00,BUY,10.0,286.33
2026-02-25 06:15:00+00:00,2026-02-25 07:00:00+00:00,SELL,10.0,282.2
2026-02-25 06:30:00+00:00,2026-02-25 11:00:00+00:00,BUY,10.0,95.75
2026-02-25 07:15:00+00:00,2026-02-25 08:00:00+00:00,SELL,10.0,212.2
2026-02-25 08:15:00+00:00,2026-02-25 09:00:00+00:00,SELL,10.0,88.6
2026-02-25 09:15:00+00:00,2026-02-25 10:00:00+00:00,SELL,10.0,276.71
2026-02-25 10:15:00+00:00,2026-02-25 11:00:00+00:00,SELL,10.0,86.89
2026-02-25 11:30:00+00:00,2026-02-25 16:00:00+00:00,BUY,10.0,168.45
2026-02-25 12:30:00+00:00,2026-02-25 17:00:00+00:00,BUY,10.0,117.73
2026-02-25 13:30:00+00:00,2026-02-25 18:00:00+00:00,BUY,10.0,183.89
2026-02-25 15:15:00+00:00,2026-02-25 16:00:00+00:00,SELL,10.0,141.58
2026-02-25 16:15:00+00:00,2026-02-25 17:00:00+00:00,SELL,10.0,96.91
2026-02-25 16:30:00+00:00,2026-02-25 21:00:00+00:00,BUY,10.0,262.26
2026-02-25 17:15:00+00:00,2026-02-25 18:00:00+00:00,SELL,10.0,178.41
2026-02-25 20:15:00+00:00,2026-02-25 21:00:00+00:00,SELL,10.0,261.82
2026-02-26 13:30:00+00:00,2026-02-26 18:00:00+00:00,BUY,10.0,350.86
2026-02-26 17:15:00+00:00,2026-02-26 18:00:00+00:00,SELL,10.0,321.26
2026-03-25 01:30:00+00:00,2026-03-25 06:00:00+00:00,BUY,10.0,57.1
2026-03-25 02:30:00+00:00,2026-03-25 07:00:00+00:00,BUY,10.0,22.13
2026-03-25 03:30:00+00:00,2026-03-25 08:00:00+00:00,BUY,10.0,60.58
2026-03-25 05:15:00+00:00,2026-03-25 06:00:00+00:00,SELL,10.0,58.45
2026-03-25 05:30:00+00:00,2026-03-25 10:00:00+00:00,BUY,10.0,120.28
2026-03-25 06:15:00+00:00,2026-03-25 07:00:00+00:00,SELL,10.0,27.82
2026-03-25 07:15:00+00:00,2026-03-25 08:00:00+00:00,SELL,10.0,61.39
2026-03-25 09:15:00+00:00,2026-03-25 10:00:00+00:00,SELL,10.0,113.05
2026-03-25 13:30:00+00:00,2026-03-25 18:00:00+00:00,BUY,10.0,56.46
2026-03-25 17:15:00+00:00,2026-03-25 18:00:00+00:00,SELL,10.0,56.48
2026-05-07 02:30:00+00:00,2026-05-07 07:00:00+00:00,BUY,10.0,67.84
2026-05-07 03:30:00+00:00,2026-05-07 08:00:00+00:00,BUY,10.0,77.04
2026-05-07 05:30:00+00:00,2026-05-07 10:00:00+00:00,BUY,10.0,74.69
2026-05-07 06:15:00+00:00,2026-05-07 07:00:00+00:00,SELL,10.0,69.01
2026-05-07 07:15:00+00:00,2026-05-07 08:00:00+00:00,SELL,10.0,79.24
2026-05-07 09:15:00+00:00,2026-05-07 10:00:00+00:00,SELL,10.0,70.53
2026-05-07 12:30:00+00:00,2026-05-07 17:00:00+00:00,BUY,10.0,69.75
2026-05-07 16:15:00+00:00,2026-05-07 17:00:00+00:00,SELL,10.0,68.07
2026-05-08 03:30:00+00:00,2026-05-08 08:00:00+00:00,BUY,10.0,167.5
2026-05-08 04:30:00+00:00,2026-05-08 09:00:00+00:00,BUY,10.0,71.9
2026-05-08 07:15:00+00:00,2026-05-08 08:00:00+00:00,SELL,10.0,167.22
2026-05-08 08:15:00+00:00,2026-05-08 09:00:00+00:00,SELL,10.0,36.59
2026-05-09 02:30:00+00:00,2026-05-09 07:00:00+00:00,BUY,10.0,68.05
2026-05-09 04:30:00+00:00,2026-05-09 09:00:00+00:00,BUY,10.0,62.22
2026-05-09 06:15:00+00:00,2026-05-09 07:00:00+00:00,SELL,10.0,66.19
2026-05-09 08:15:00+00:00,2026-05-09 09:00:00+00:00,SELL,10.0,59.98
2026-05-09 12:30:00+00:00,2026-05-09 17:00:00+00:00,BUY,10.0,70.38
2026-05-09 16:15:00+00:00,2026-05-09 17:00:00+00:00,SELL,10.0,116.86
2026-05-13 13:30:00+00:00,2026-05-13 18:00:00+00:00,BUY,10.0,49.64
2026-05-13 17:15:00+00:00,2026-05-13 18:00:00+00:00,SELL,10.0,43.87
2026-06-04 01:30:00+00:00,2026-06-04 06:00:00+00:00,BUY,10.0,120.72
2026-06-04 03:30:00+00:00,2026-06-04 08:00:00+00:00,BUY,10.0,59.94
2026-06-04 05:15:00+00:00,2026-06-04 06:00:00+00:00,SELL,10.0,116.79
2026-06-04 07:15:00+00:00,2026-06-04 08:00:00+00:00,SELL,10.0,51.06
2026-06-04 13:30:00+00:00,2026-06-04 18:00:00+00:00,BUY,10.0,51.82
2026-06-04 14:30:00+00:00,2026-06-04 19:00:00+00:00,BUY,10.0,129.18
2026-06-04 17:15:00+00:00,2026-06-04 18:00:00+00:00,SELL,10.0,49.88
2026-06-04 18:15:00+00:00,2026-06-04 19:00:00+00:00,SELL,10.0,189.07
2026-06-05 00:30:00+00:00,2026-06-05 05:00:00+00:00,BUY,10.0,57.39
2026-06-05 01:30:00+00:00,2026-06-05 06:00:00+00:00,BUY,10.0,51.45
2026-06-05 04:15:00+00:00,2026-06-05 05:00:00+00:00,SELL,10.0,51.04
2026-06-05 05:15:00+00:00,2026-06-05 06:00:00+00:00,SELL,10.0,50.84
2026-06-05 13:30:00+00:00,2026-06-05 18:00:00+00:00,BUY,10.0,54.78
2026-06-05 17:15:00+00:00,2026-06-05 18:00:00+00:00,SELL,10.0,112.8
2026-06-06 12:30:00+00:00,2026-06-06 17:00:00+00:00,BUY,10.0,52.53
2026-06-06 14:30:00+00:00,2026-06-06 19:00:00+00:00,BUY,10.0,58.05
2026-06-06 16:15:00+00:00,2026-06-06 17:00:00+00:00,SELL,10.0,53.06
2026-06-06 18:15:00+00:00,2026-06-06 19:00:00+00:00,SELL,10.0,57.33
2026-06-13 22:30:00+00:00,2026-06-14 03:00:00+00:00,BUY,10.0,52.44
2026-06-13 23:30:00+00:00,2026-06-14 04:00:00+00:00,BUY,10.0,50.95
2026-06-14 00:30:00+00:00,2026-06-14 05:00:00+00:00,BUY,10.0,58.91
2026-06-14 01:30:00+00:00,2026-06-14 06:00:00+00:00,BUY,10.0,65.17
2026-06-14 02:15:00+00:00,2026-06-14 03:00:00+00:00,SELL,10.0,46.04
2026-06-14 02:30:00+00:00,2026-06-14 07:00:00+00:00,BUY,10.0,57.75
2026-06-14 03:15:00+00:00,2026-06-14 04:00:00+00:00,SELL,10.0,45.09
2026-06-14 03:30:00+00:00,2026-06-14 08:00:00+00:00,BUY,10.0,50.45
2026-06-14 04:15:00+00:00,2026-06-14 05:00:00+00:00,SELL,10.0,52.19
2026-06-14 05:15:00+00:00,2026-06-14 06:00:00+00:00,SELL,10.0,59.46
2026-06-14 06:15:00+00:00,2026-06-14 07:00:00+00:00,SELL,10.0,47.76
2026-06-14 07:15:00+00:00,2026-06-14 08:00:00+00:00,SELL,10.0,43.93
2026-06-14 12:30:00+00:00,2026-06-14 17:00:00+00:00,BUY,10.0,51.79
2026-06-14 13:30:00+00:00,2026-06-14 18:00:00+00:00,BUY,10.0,66.18
2026-06-14 14:30:00+00:00,2026-06-14 19:00:00+00:00,BUY,10.0,59.41
2026-06-14 15:30:00+00:00,2026-06-14 20:00:00+00:00,BUY,10.0,52.43
2026-06-14 16:15:00+00:00,2026-06-14 17:00:00+00:00,SELL,10.0,45.84
2026-06-14 17:15:00+00:00,2026-06-14 18:00:00+00:00,SELL,10.0,62.55
2026-06-14 18:15:00+00:00,2026-06-14 19:00:00+00:00,SELL,10.0,53.5
2026-06-14 19:15:00+00:00,2026-06-14 20:00:00+00:00,SELL,10.0,47.09
2026-06-15 01:30:00+00:00,2026-06-15 06:00:00+00:00,BUY,10.0,49.78
2026-06-15 02:30:00+00:00,2026-06-15 07:00:00+00:00,BUY,10.0,46.27
2026-06-15 03:30:00+00:00,2026-06-15 08:00:00+00:00,BUY,10.0,51.46
2026-06-15 04:30:00+00:00,2026-06-15 09:00:00+00:00,BUY,10.0,49.66
2026-06-15 05:15:00+00:00,2026-06-15 06:00:00+00:00,SELL,10.0,44.76
2026-06-15 06:15:00+00:00,2026-06-15 07:00:00+00:00,SELL,10.0,40.52
2026-06-15 07:15:00+00:00,2026-06-15 08:00:00+00:00,SELL,10.0,46.51
2026-06-15 08:15:00+00:00,2026-06-15 09:00:00+00:00,SELL,10.0,44.1
2026-06-15 12:30:00+00:00,2026-06-15 17:00:00+00:00,BUY,10.0,44.02
2026-06-15 13:30:00+00:00,2026-06-15 18:00:00+00:00,BUY,10.0,52.22
2026-06-15 16:15:00+00:00,2026-06-15 17:00:00+00:00,SELL,10.0,39.19
2026-06-15 17:15:00+00:00,2026-06-15 18:00:00+00:00,SELL,10.0,49.74
